spec_id,target_gain_db,target_ugbw_mhz,target_pm_deg,target_ibias_a,output_gain_db,output_ugbw_mhz,output_pm_deg,output_ibias_a,fom,gain_pass,ugbw_pass,pm_pass,ibias_pass,complete_pass,sims_used,first_pass_sim,budget,seed,params_idx,method,runtime_sec,distinct_passing,committed_branch,probe_verdict_a,probe_verdict_b,banked_final,recovery_executed,plan_difficulty
1,37.8688,16.7772,52.8893,0.010744027119648003,58.9154,224.3272,58.9518,0.00026188493939116597,14.016985,Yes,Yes,Yes,Yes,Yes,120,3,120,0,2|16|5|3|1|8|5|15|22|25,ag_full_true_sac_marginsel,16.644,59,B,passed,improving,0,0,medium
2,35.8832,16.9518,52.5454,0.009951749802941612,43.2572,199.6326,78.3874,0.0002722084755077958,12.446456,Yes,Yes,Yes,Yes,Yes,120,8,120,0,1|4|6|2|15|6|8|14|16|62,ag_full_true_sac_marginsel,13.573,22,A,improving,improving,0,0,medium
3,37.4772,16.876,53.0112,0.010696796829164414,66.0432,97.0493,87.1566,0.0001836190785979852,7.139888,Yes,Yes,Yes,Yes,Yes,120,4,120,0,3|15|1|4|6|5|10|7|12|77,ag_full_true_sac_marginsel,14.14,56,A,improving,passed,0,0,medium
4,37.5872,19.4459,52.7646,0.009458131829883292,45.0475,290.3032,55.5788,0.00038265695911832154,15.140129,Yes,Yes,Yes,Yes,Yes,120,2,120,0,1|16|2|3|11|0|12|12|24|2,ag_full_true_sac_marginsel,12.641,50,A,passed,passed,0,0,medium
5,38.0389,16.6386,53.0502,0.01005872127384474,52.4371,252.4286,64.5566,0.00032136033405549824,15.734705,Yes,Yes,Yes,Yes,Yes,120,4,120,0,1|9|6|2|5|7|9|11|38|98,ag_full_true_sac_marginsel,13.991,40,A,improving,passed,0,0,medium
6,37.2421,17.0771,53.231,0.009978034851608033,48.4372,223.6936,70.2432,0.00040221199742518365,13.6789,Yes,Yes,Yes,Yes,Yes,120,7,120,0,1|15|6|1|4|1|12|13|34|34,ag_full_true_sac_marginsel,14.135,29,A,improving,improving,0,0,medium
7,36.5009,17.2021,53.0322,0.010582248893599102,46.2606,245.799,62.5328,0.00034064214560203254,14.703273,Yes,Yes,Yes,Yes,Yes,120,8,120,0,1|15|5|3|6|3|7|10|3|1,ag_full_true_sac_marginsel,13.343,38,A,improving,improving,0,0,medium
8,37.8633,18.3684,53.308,0.009897602540919872,51.7326,236.948,63.8138,0.00031433533877134323,13.431365,Yes,Yes,Yes,Yes,Yes,120,10,120,0,1|8|7|3|13|6|10|10|17|79,ag_full_true_sac_marginsel,13.965,32,A,improving,improving,0,0,medium
9,36.864,17.0185,52.8278,0.010892977579567201,64.8036,135.9517,82.9127,0.00019809803052339703,9.297687,Yes,Yes,Yes,Yes,Yes,120,2,120,0,3|10|4|3|9|8|11|13|37|98,ag_full_true_sac_marginsel,14.095,64,B,passed,improving,0,0,medium
10,37.3313,16.7919,51.977,0.010644802322026362,45.009,291.6937,60.1167,0.000487491546664387,17.687565,Yes,Yes,Yes,Yes,Yes,120,6,120,0,0|7|2|3|15|5|7|9|19|13,ag_full_true_sac_marginsel,14.529,36,A,improving,passed,0,0,medium
11,38.7835,18.9112,52.0075,0.01032680759629429,48.7426,250.3654,68.2745,0.00035474341711960733,13.774235,Yes,Yes,Yes,Yes,Yes,120,21,120,0,1|9|5|2|14|1|8|16|22|96,ag_full_true_sac_marginsel,15.384,28,A,improving,improving,0,0,medium
12,37.7509,18.4568,53.303,0.010371969212319086,51.5398,267.0632,68.0518,0.0003723384579643607,15.075721,Yes,Yes,Yes,Yes,Yes,120,4,120,0,1|10|1|2|9|6|10|17|3|42,ag_full_true_sac_marginsel,14.046,58,A,improving,passed,0,0,medium
13,38.9023,18.1356,52.7559,0.010837646445167258,76.9577,59.2853,88.6173,0.00012863495794590563,4.915122,Yes,Yes,Yes,Yes,Yes,120,34,120,0,6|14|2|3|8|3|11|11|34|28,ag_full_true_sac_marginsel,14.877,43,B,improving,improving,0,0,medium
14,35.7624,17.6297,52.2596,0.009669010309343832,66.5404,204.5623,80.5821,0.0002874393539968878,12.976139,Yes,Yes,Yes,Yes,Yes,120,2,120,0,0|2|1|2|16|1|6|2|9|87,ag_full_true_sac_marginsel,14.198,48,B,passed,improving,0,0,medium
15,37.2222,19.4665,52.1253,0.010653152423263165,41.6354,289.3272,56.5643,0.00040223472751677036,15.028793,Yes,Yes,Yes,Yes,Yes,120,16,120,0,1|14|7|3|11|4|9|16|0|79,ag_full_true_sac_marginsel,14.456,31,A,improving,improving,0,0,medium
16,35.6297,17.6384,52.5775,0.010468573888811273,45.1991,287.2292,65.8209,0.0004915646277368069,16.757775,Yes,Yes,Yes,Yes,Yes,120,11,120,0,0|6|2|2|17|0|10|7|33|84,ag_full_true_sac_marginsel,14.552,37,A,improving,improving,0,0,medium
17,38.6891,19.2885,52.2501,0.009662691236062646,53.1445,226.0882,77.937,0.00039838720113039017,12.545396,Yes,Yes,Yes,Yes,Yes,120,12,120,0,1|15|1|2|9|2|9|17|23|27,ag_full_true_sac_marginsel,14.027,58,A,improving,improving,0,0,medium
18,38.4082,17.8033,51.9213,0.009421384451200361,42.7949,190.0355,56.9485,0.00044861933565698564,10.837599,Yes,Yes,Yes,Yes,Yes,120,15,120,0,0|15|7|3|2|1|1|5|23|22,ag_full_true_sac_marginsel,14.646,21,A,improving,improving,0,0,medium
19,36.0152,18.7799,52.5986,0.010730781477693251,60.229,107.148,73.0835,0.00016308334306813776,6.752044,Yes,Yes,Yes,Yes,Yes,120,24,120,0,4|17|7|4|1|8|8|9|0|80,ag_full_true_sac_marginsel,14.178,70,A,improving,stalled,0,0,medium
20,36.4542,18.377,53.1563,0.009671644102090883,65.8608,172.467,78.6449,0.00020809895067941397,10.649612,Yes,Yes,Yes,Yes,Yes,120,15,120,0,2|5|6|2|15|4|8|13|35|16,ag_full_true_sac_marginsel,14.541,50,B,improving,improving,0,0,medium
21,38.4713,16.6327,52.1691,0.00964077929120864,67.5027,180.4506,66.0051,0.00021513859974220395,11.846698,Yes,Yes,Yes,Yes,Yes,120,15,120,0,2|6|6|3|17|6|5|16|26|1,ag_full_true_sac_marginsel,13.87,56,A,improving,improving,0,0,medium
22,35.7169,18.7054,52.2,0.01011053916360415,39.9612,285.8849,61.9618,0.0004934429889544845,15.540606,Yes,Yes,Yes,Yes,Yes,120,12,120,0,0|7|3|3|15|5|7|9|23|14,ag_full_true_sac_marginsel,13.812,28,A,improving,stalled,0,0,medium
23,38.5503,18.9477,53.123,0.009978279705168621,60.5946,205.0214,64.18,0.0002734055451583117,11.572973,Yes,Yes,Yes,Yes,Yes,120,5,120,0,2|12|2|4|17|4|9|17|0|3,ag_full_true_sac_marginsel,13.571,57,A,improving,passed,0,0,medium
24,37.1154,17.9296,51.843,0.009356244982726858,50.6173,278.8503,76.4436,0.0004634511424228549,16.341239,Yes,Yes,Yes,Yes,Yes,120,4,120,0,0|5|1|1|4|8|1|16|33|71,ag_full_true_sac_marginsel,13.368,54,A,improving,passed,0,0,medium
25,36.0871,16.9652,52.683,0.009552822744497466,76.736,91.0809,93.3595,0.00015811323828529567,7.250655,Yes,Yes,Yes,Yes,Yes,120,8,120,0,4|8|7|3|16|4|9|15|4|68,ag_full_true_sac_marginsel,14.347,68,B,improving,improving,0,0,medium
26,37.0062,19.6481,52.3006,0.010644839192008385,56.1518,209.428,75.2468,0.00029752470436505973,11.587066,Yes,Yes,Yes,Yes,Yes,120,11,120,0,1|6|5|2|10|7|12|8|14|98,ag_full_true_sac_marginsel,13.878,54,B,improving,improving,0,0,medium
27,36.1095,17.7028,51.8936,0.009814353841953458,47.3997,260.333,59.7537,0.00033523482852615416,15.135742,Yes,Yes,Yes,Yes,Yes,120,2,120,0,1|13|6|3|11|0|12|6|11|14,ag_full_true_sac_marginsel,13.98,41,B,passed,improving,0,0,medium
28,38.3786,16.2457,52.6947,0.010240611770454884,44.363,227.3465,66.7258,0.00034323311410844326,14.382978,Yes,Yes,Yes,Yes,Yes,120,3,120,0,1|14|7|2|0|7|6|12|0|72,ag_full_true_sac_marginsel,13.98,56,B,passed,improving,0,0,medium
29,36.7526,16.233,52.5389,0.009723219785294415,44.8748,298.2691,54.1753,0.0004051802970934659,18.584672,Yes,Yes,Yes,Yes,Yes,120,3,120,0,1|17|5|3|6|5|9|14|17|58,ag_full_true_sac_marginsel,14.263,38,B,passed,improving,0,0,medium
30,37.7961,18.027,53.3736,0.009927680506685084,69.5968,139.4647,76.6978,0.00017901978571899235,8.996767,Yes,Yes,Yes,Yes,Yes,120,3,120,0,4|11|7|3|17|0|11|16|4|84,ag_full_true_sac_marginsel,14.525,52,A,passed,stalled,0,0,medium
31,36.2619,18.2107,52.6141,0.011030131605440814,56.1033,257.8762,67.6632,0.0003354558430146426,14.963506,Yes,Yes,Yes,Yes,Yes,120,15,120,0,1|9|1|2|6|8|9|14|4|20,ag_full_true_sac_marginsel,14.62,46,A,improving,improving,0,0,medium
32,38.3344,18.3464,53.1266,0.009428076583400597,53.4464,200.0593,68.4498,0.0002771686704363674,11.557813,Yes,Yes,Yes,Yes,Yes,120,8,120,0,1|11|6|2|5|1|12|1|6|53,ag_full_true_sac_marginsel,15.002,26,B,improving,improving,0,0,medium
33,36.7638,16.9643,52.3078,0.00920383648064028,56.9764,57.5192,80.7372,0.0001267741754418239,4.470133,Yes,Yes,Yes,Yes,Yes,120,9,120,0,5|12|7|2|2|5|8|9|11|52,ag_full_true_sac_marginsel,14.967,46,A,improving,improving,0,0,medium
34,38.1982,17.7627,51.8071,0.009468477677077975,47.8828,219.8648,58.6919,0.00024539537844248116,12.738401,Yes,Yes,Yes,Yes,Yes,120,4,120,0,2|11|5|3|9|5|10|14|1|62,ag_full_true_sac_marginsel,13.201,85,A,improving,passed,0,0,medium
35,37.681,18.47,52.994,0.011051571662124796,57.1944,203.9906,67.6224,0.00026656631962396204,11.814206,Yes,Yes,Yes,Yes,Yes,120,3,120,0,2|10|8|3|12|7|10|16|37|22,ag_full_true_sac_marginsel,14.141,39,B,passed,improving,0,0,medium
36,37.8637,17.1564,51.6981,0.010232910804656473,61.726,198.0131,81.9587,0.00028953366563655436,12.728903,Yes,Yes,Yes,Yes,Yes,120,17,120,0,2|14|1|2|5|6|12|16|32|96,ag_full_true_sac_marginsel,13.94,61,A,improving,improving,0,0,medium
37,35.9506,17.231,52.0,0.009948197308405382,44.4673,245.4239,56.9358,0.00028809293871745467,14.546041,Yes,Yes,Yes,Yes,Yes,120,22,120,0,2|17|5|3|3|7|12|15|10|34,ag_full_true_sac_marginsel,13.96,55,A,improving,improving,0,0,medium
38,39.001,18.2148,52.4043,0.009275039513545202,56.4202,180.0242,74.3245,0.00024907340412028134,10.721465,Yes,Yes,Yes,Yes,Yes,120,10,120,0,2|10|7|3|14|3|8|15|30|19,ag_full_true_sac_marginsel,14.983,38,A,improving,improving,0,0,medium
39,36.0704,17.5967,52.4803,0.010953796675831578,55.2274,107.3039,85.1254,0.00018878218543250114,7.233863,Yes,Yes,Yes,Yes,Yes,120,23,120,0,3|13|5|3|6|5|11|8|19|13,ag_full_true_sac_marginsel,14.027,59,A,improving,improving,0,0,medium
40,37.6705,19.2492,52.22,0.009222811631153186,51.4515,223.3126,59.3944,0.0002508439647499472,12.07713,Yes,Yes,Yes,Yes,Yes,120,3,120,0,2|11|3|3|15|0|7|17|23|21,ag_full_true_sac_marginsel,13.747,48,A,passed,stalled,0,0,medium
41,36.704,17.419,53.2523,0.009716759595945056,46.022,247.3972,67.1801,0.0003116529551334679,14.686097,Yes,Yes,Yes,Yes,Yes,120,2,120,0,1|8|3|2|9|4|10|12|25|84,ag_full_true_sac_marginsel,13.457,65,B,passed,improving,0,0,medium
42,38.6235,16.8247,53.0349,0.010391791614368042,60.0069,151.9502,79.9959,0.00023331660486292094,10.070905,Yes,Yes,Yes,Yes,Yes,120,7,120,0,2|13|3|2|6|1|9|9|31|72,ag_full_true_sac_marginsel,13.868,45,A,improving,improving,0,0,medium
43,37.086,17.8953,51.7583,0.010766962290122218,51.7134,115.9969,110.0564,0.0005435243365354836,7.95225,Yes,Yes,Yes,Yes,Yes,120,2,120,0,0|3|1|0|5|6|6|17|4|59,ag_full_true_sac_marginsel,14.011,35,A,passed,stalled,0,0,medium
44,36.9694,16.6115,51.8613,0.010213862678501433,55.8078,110.6954,75.4136,0.00018354262283537537,7.609504,Yes,Yes,Yes,Yes,Yes,120,13,120,0,2|12|6|3|4|2|4|6|13|0,ag_full_true_sac_marginsel,14.884,46,A,improving,stalled,0,0,medium
45,39.5953,18.2062,52.4325,0.010314558883014267,60.5989,110.3077,82.1855,0.0001807555672712624,7.139173,Yes,Yes,Yes,Yes,Yes,120,14,120,0,4|15|4|4|10|5|10|14|8|45,ag_full_true_sac_marginsel,15.464,44,A,improving,stalled,0,0,medium
46,39.0829,18.2583,52.2865,0.010858542141334351,43.6836,289.5443,58.8876,0.0004165549762547016,16.06383,Yes,Yes,Yes,Yes,Yes,120,14,120,0,1|15|6|2|5|5|11|15|29|5,ag_full_true_sac_marginsel,15.07,22,B,improving,improving,0,0,medium
47,37.9575,19.592,52.5838,0.009360826332712046,57.3578,173.3102,71.0199,0.00023674164549447596,9.682402,Yes,Yes,Yes,Yes,Yes,120,19,120,0,3|15|6|4|11|7|11|17|24|61,ag_full_true_sac_marginsel,14.027,66,A,improving,stalled,0,0,medium
48,36.4289,19.2556,53.0783,0.010020491718976112,54.1878,228.316,70.8819,0.00035125098656862974,12.645,Yes,Yes,Yes,Yes,Yes,120,15,120,0,1|14|2|2|5|3|6|14|36|0,ag_full_true_sac_marginsel,14.564,50,A,improving,improving,0,0,medium
49,37.1008,19.4791,52.0057,0.009572659106258772,63.5292,99.3522,78.7311,0.00015028238703962415,6.310989,Yes,Yes,Yes,Yes,Yes,120,6,120,0,5|17|3|4|10|1|4|17|27|71,ag_full_true_sac_marginsel,14.2,69,A,improving,passed,0,0,medium
50,39.3052,16.9244,52.4938,0.00984055319791069,51.2794,267.7042,62.4537,0.00034673395566642284,16.276812,Yes,Yes,Yes,Yes,Yes,120,9,120,0,1|9|6|2|8|6|9|14|21|80,ag_full_true_sac_marginsel,14.02,54,B,improving,improving,0,0,medium
51,37.9619,19.8707,52.5531,0.01059842507567201,49.8773,237.4259,72.619,0.0003773318021558225,12.608619,Yes,Yes,Yes,Yes,Yes,120,12,120,0,0|6|2|2|8|2|9|1|9|81,ag_full_true_sac_marginsel,14.143,42,A,improving,improving,0,0,medium
52,35.7374,17.9593,52.1893,0.009507229302070683,50.0363,278.3774,61.4872,0.00037052627885714173,16.039742,Yes,Yes,Yes,Yes,Yes,120,18,120,0,1|10|5|2|11|3|8|17|14|3,ag_full_true_sac_marginsel,14.223,44,A,improving,improving,0,0,medium
53,36.4742,17.6208,52.9585,0.009223454304467572,66.6951,101.0479,88.5194,0.00017671972454991192,7.215453,Yes,Yes,Yes,Yes,Yes,120,7,120,0,4|13|2|4|16|2|10|15|6|58,ag_full_true_sac_marginsel,14.225,59,A,improving,improving,0,0,medium
54,37.5576,17.1155,52.2359,0.011166852706072554,42.1337,293.4169,55.7729,0.0003557956370059401,17.30108,Yes,Yes,Yes,Yes,Yes,120,2,120,0,1|13|7|2|7|1|7|16|4|98,ag_full_true_sac_marginsel,13.342,49,A,passed,passed,0,0,medium
55,38.2321,19.7675,52.4099,0.009564379446860272,58.2327,201.0463,61.9669,0.00024052930530160666,10.85089,Yes,Yes,Yes,Yes,Yes,120,4,120,0,2|15|7|3|4|4|3|14|34|33,ag_full_true_sac_marginsel,14.213,34,A,improving,passed,0,0,medium
56,37.0722,18.4502,52.6446,0.008927730464034321,48.3393,255.5247,61.1916,0.00033433042699471116,14.278289,Yes,Yes,Yes,Yes,Yes,120,2,120,0,1|13|5|3|9|2|2|16|26|27,ag_full_true_sac_marginsel,13.593,41,A,passed,passed,0,0,medium
57,37.5631,18.1546,53.2524,0.010840400305368727,50.0747,211.4289,71.1082,0.00029818041366524994,12.286904,Yes,Yes,Yes,Yes,Yes,120,9,120,0,2|14|5|3|8|8|12|16|15|98,ag_full_true_sac_marginsel,14.105,44,A,improving,improving,0,0,medium
58,36.4666,17.6619,51.7404,0.009695261650414868,59.6688,110.05,84.6674,0.00018029470811598003,7.484989,Yes,Yes,Yes,Yes,Yes,120,4,120,0,2|7|8|3|11|3|1|13|9|55,ag_full_true_sac_marginsel,14.479,45,A,improving,passed,0,0,medium
59,37.9389,19.6292,52.0654,0.009585321548162749,63.0136,145.3627,86.0798,0.0002278049651067704,8.695895,Yes,Yes,Yes,Yes,Yes,120,3,120,0,1|5|2|3|13|5|0|13|27|74,ag_full_true_sac_marginsel,14.255,36,B,passed,improving,0,0,medium
60,35.5709,17.858,52.091,0.009830926009442676,75.1959,81.4438,86.8184,0.00014383292000275105,6.326635,Yes,Yes,Yes,Yes,Yes,120,11,120,0,5|13|6|2|8|0|5|17|6|96,ag_full_true_sac_marginsel,13.739,66,A,improving,improving,0,0,medium
61,36.709,17.9174,51.8204,0.009351329923681833,51.1771,189.5126,86.7414,0.00036730224383063614,11.60575,Yes,Yes,Yes,Yes,Yes,120,2,120,0,0|6|1|2|9|2|4|6|17|93,ag_full_true_sac_marginsel,12.897,43,A,passed,passed,0,0,medium
62,38.9388,17.1549,52.1824,0.010802219111818296,48.1581,225.7513,69.6753,0.0003053864056710154,13.703318,Yes,Yes,Yes,Yes,Yes,120,15,120,0,1|9|8|2|9|2|3|15|8|49,ag_full_true_sac_marginsel,14.194,33,A,improving,improving,0,0,medium
63,39.5345,17.203,52.3895,0.01023531777450259,55.8062,203.0464,66.6441,0.0002531976206228137,12.461923,Yes,Yes,Yes,Yes,Yes,120,7,120,0,1|9|6|3|3|7|4|8|18|15,ag_full_true_sac_marginsel,13.814,42,B,improving,improving,0,0,medium
64,39.2889,17.0079,52.3912,0.010555074703865894,68.5864,232.3549,74.4997,0.00027947561466135085,14.802762,Yes,Yes,Yes,Yes,Yes,120,4,120,0,1|3|4|1|14|4|6|15|2|76,ag_full_true_sac_marginsel,12.813,51,A,improving,passed,0,0,medium
65,38.148,17.4554,52.4145,0.008940696379797008,49.0926,253.1828,64.4395,0.0003296373470220715,14.984039,Yes,Yes,Yes,Yes,Yes,120,19,120,0,1|10|7|2|8|3|7|13|0|71,ag_full_true_sac_marginsel,14.466,21,B,improving,improving,0,0,medium
66,36.7397,17.174,52.8176,0.00909720469486456,55.2369,215.6148,66.9729,0.0002749315754044801,13.295987,Yes,Yes,Yes,Yes,Yes,120,12,120,0,2|14|5|3|8|5|9|15|20|19,ag_full_true_sac_marginsel,13.826,27,A,improving,improving,0,0,medium
67,38.3935,19.864,52.6262,0.010477048837772555,56.5718,247.5975,60.6434,0.00036218215245753527,13.055854,Yes,Yes,Yes,Yes,Yes,120,4,120,0,1|16|1|4|12|3|8|13|31|60,ag_full_true_sac_marginsel,12.545,72,A,improving,passed,0,0,medium
68,37.651,18.0002,51.6217,0.01060849798687324,64.3746,148.0686,80.6685,0.00024163140915334225,9.475608,Yes,Yes,Yes,Yes,Yes,120,12,120,0,2|15|2|2|6|0|7|11|31|93,ag_full_true_sac_marginsel,13.481,60,A,improving,improving,0,0,medium
69,37.4175,19.7251,53.0721,0.01028518398465167,51.3643,204.5003,70.5805,0.00028440263122320175,11.042515,Yes,Yes,Yes,Yes,Yes,120,14,120,0,1|11|4|3|7|3|2|12|6|88,ag_full_true_sac_marginsel,14.789,27,A,improving,hopeless,0,0,medium
70,36.5554,16.6623,53.1319,0.010283996145220452,43.3645,292.4927,59.8717,0.00038718560244888067,17.829592,Yes,Yes,Yes,Yes,Yes,120,13,120,0,1|14|4|2|6|3|10|16|27|80,ag_full_true_sac_marginsel,13.9,51,A,improving,improving,0,0,medium
71,38.0198,16.1653,52.9303,0.010378298329776825,44.3395,226.65,62.9955,0.0003974278224632144,14.338836,Yes,Yes,Yes,Yes,Yes,120,5,120,0,0|9|6|2|4|1|2|6|18|29,ag_full_true_sac_marginsel,14.603,20,A,improving,passed,0,0,medium
72,35.4699,17.1626,52.7066,0.010154264321508405,56.7321,236.8757,68.7866,0.0003578425385057926,14.671165,Yes,Yes,Yes,Yes,Yes,120,7,120,0,1|12|1|3|15|1|11|12|12|3,ag_full_true_sac_marginsel,13.158,64,A,improving,improving,0,0,medium
73,35.9531,17.4677,51.9282,0.010556949598640848,41.4071,263.8356,59.0006,0.0003806126769632101,15.356002,Yes,Yes,Yes,Yes,Yes,120,3,120,0,1|17|5|4|6|7|10|10|38|41,ag_full_true_sac_marginsel,13.744,37,B,passed,improving,0,0,medium
74,38.6225,16.098,52.4226,0.010176174467768483,54.3228,238.9135,59.835,0.0002815038023982197,15.361451,Yes,Yes,Yes,Yes,Yes,120,7,120,0,2|15|8|3|10|2|9|15|3|22,ag_full_true_sac_marginsel,13.442,38,A,improving,improving,0,0,medium
75,37.8637,17.556,51.5748,0.010328010983045473,53.2415,246.5078,60.6045,0.0003477914724498987,14.588738,Yes,Yes,Yes,Yes,Yes,120,4,120,0,1|16|2|4|11|1|11|7|29|76,ag_full_true_sac_marginsel,13.068,57,A,improving,passed,0,0,medium
76,39.0805,16.6366,52.8387,0.009929947483770935,45.9548,243.0366,64.636,0.0003286724095232785,14.974595,Yes,Yes,Yes,Yes,Yes,120,16,120,0,1|11|6|3|6|8|4|15|1|7,ag_full_true_sac_marginsel,13.656,54,A,improving,improving,0,0,medium
77,37.4181,16.6335,52.3085,0.01108259328392138,53.3511,220.7596,79.8167,0.0003987837117165327,14.187716,Yes,Yes,Yes,Yes,Yes,120,8,120,0,1|13|2|1|6|1|10|17|0|37,ag_full_true_sac_marginsel,14.429,31,A,improving,improving,0,0,medium
78,38.1003,19.7337,53.0199,0.010355904840609656,63.6364,158.4728,67.9674,0.00019696069648489356,8.963719,Yes,Yes,Yes,Yes,Yes,120,15,120,0,2|8|6|4|13|5|1|15|10|72,ag_full_true_sac_marginsel,14.503,29,B,improving,improving,0,0,medium
79,39.4943,18.4877,52.9058,0.009908142288515661,54.6062,233.7808,65.1974,0.00030842889100313187,13.22907,Yes,Yes,Yes,Yes,Yes,120,13,120,0,1|11|3|3|10|2|7|10|16|42,ag_full_true_sac_marginsel,13.956,31,A,improving,improving,0,0,medium
80,37.5903,17.081,53.0753,0.009195772925592796,63.826,163.6822,64.9498,0.00019569203141145408,10.483109,Yes,Yes,Yes,Yes,Yes,120,10,120,0,2|10|5|4|6|7|10|4|2|1,ag_full_true_sac_marginsel,13.878,48,A,improving,improving,0,0,medium
81,38.6183,17.7353,53.2175,0.01070715910472705,58.8253,92.6122,78.2457,0.00016181261162273586,6.200358,Yes,Yes,Yes,Yes,Yes,120,9,120,0,3|13|5|3|4|3|3|10|18|33,ag_full_true_sac_marginsel,14.683,33,A,improving,improving,0,0,medium
82,39.1665,18.6498,51.8833,0.010065331040457308,54.8606,224.2042,61.3044,0.00027767333085648715,12.576513,Yes,Yes,Yes,Yes,Yes,120,12,120,0,1|10|5|4|6|8|5|9|16|39,ag_full_true_sac_marginsel,13.956,40,A,improving,improving,0,0,medium
83,36.2015,17.4422,53.2176,0.01049959147483113,70.3564,127.8606,86.5115,0.0001780860184226185,8.882664,Yes,Yes,Yes,Yes,Yes,120,8,120,0,4|11|7|2|10|2|11|16|25|74,ag_full_true_sac_marginsel,13.47,66,B,improving,improving,0,0,medium
84,36.5673,16.6858,52.5187,0.009181562652242757,44.4566,228.5458,62.7207,0.0003095751744695008,14.073271,Yes,Yes,Yes,Yes,Yes,120,8,120,0,2|17|8|4|9|8|11|16|38|93,ag_full_true_sac_marginsel,13.456,48,A,improving,stalled,0,0,medium
85,36.4651,18.4674,53.2635,0.010631035339083956,57.0866,160.9277,82.1255,0.00025544347590766847,9.797521,Yes,Yes,Yes,Yes,Yes,120,3,120,0,2|13|2|3|8|5|11|11|32|53,ag_full_true_sac_marginsel,14.71,42,B,passed,improving,0,0,medium
86,35.2384,18.2918,52.5305,0.010331104715749943,53.1229,154.4133,79.6496,0.00023015582701191306,9.443158,Yes,Yes,Yes,Yes,Yes,120,3,120,0,1|6|8|3|11|4|6|6|33|75,ag_full_true_sac_marginsel,13.388,47,B,passed,improving,0,0,medium
87,38.8648,16.3075,52.2861,0.01038228449255277,56.9011,204.1951,72.1175,0.00026300366153009236,13.339584,Yes,Yes,Yes,Yes,Yes,120,10,120,0,1|7|6|2|5|6|10|5|22|31,ag_full_true_sac_marginsel,14.009,39,A,improving,improving,0,0,medium
88,35.9351,19.4186,52.6562,0.010573866997080116,50.9149,185.1825,76.5423,0.0003037137212231755,10.378083,Yes,Yes,Yes,Yes,Yes,120,9,120,0,2|17|2|4|10|7|12|15|8|72,ag_full_true_sac_marginsel,13.475,70,A,improving,stalled,0,0,medium
89,36.5993,19.2471,53.2224,0.010307836422153523,52.8293,205.0675,62.5314,0.00023587586474604905,11.249934,Yes,Yes,Yes,Yes,Yes,120,15,120,0,2|8|3|3|17|3|7|17|35|71,ag_full_true_sac_marginsel,13.17,67,A,improving,stalled,0,0,medium
90,38.0787,18.6483,51.5866,0.009893967110076155,52.1354,263.8656,63.7659,0.00034614864853210747,14.719821,Yes,Yes,Yes,Yes,Yes,120,25,120,0,1|9|5|2|9|5|7|16|25|86,ag_full_true_sac_marginsel,14.198,32,A,improving,improving,0,0,medium
91,37.2642,18.5758,53.1625,0.009174142304285548,60.7924,104.886,81.4512,0.00016973583842627704,6.791373,Yes,Yes,Yes,Yes,Yes,120,8,120,0,1|4|7|4|14|2|1|6|1|24,ag_full_true_sac_marginsel,14.117,46,A,improving,improving,0,0,medium
92,37.342,19.819,52.0972,0.009512047282379737,47.057,287.3108,58.1602,0.00041055461042560637,14.830093,Yes,Yes,Yes,Yes,Yes,120,9,120,0,1|16|3|3|7|6|12|13|31|95,ag_full_true_sac_marginsel,13.079,55,A,improving,improving,0,0,medium
93,37.7993,19.2134,52.5072,0.011212127750377325,45.5893,280.027,65.1543,0.00042297813342884183,14.98381,Yes,Yes,Yes,Yes,Yes,120,3,120,0,0|4|7|1|4|7|5|9|9|58,ag_full_true_sac_marginsel,13.032,30,A,passed,passed,0,0,medium
94,38.2529,18.7186,52.7087,0.011257083149351598,48.2973,253.4037,65.4031,0.00033790580346249044,14.010946,Yes,Yes,Yes,Yes,Yes,120,9,120,0,1|6|2|2|17|4|10|17|20|34,ag_full_true_sac_marginsel,14.147,37,A,improving,stalled,0,0,medium
95,37.3151,16.246,53.1196,0.009866659017549326,58.9798,231.771,61.9109,0.00028452224796637893,14.983552,Yes,Yes,Yes,Yes,Yes,120,4,120,0,2|14|3|3|11|3|10|16|10|80,ag_full_true_sac_marginsel,14.082,41,A,improving,passed,0,0,medium
96,37.6052,19.2407,51.8303,0.009409423630343706,44.0102,227.054,62.68,0.00031664955895394087,12.146717,Yes,Yes,Yes,Yes,Yes,120,3,120,0,1|15|6|4|3|7|6|8|23|89,ag_full_true_sac_marginsel,14.633,33,B,passed,improving,0,0,medium
97,35.5211,17.0466,52.7329,0.010466480060469536,52.372,247.0578,62.3169,0.0003622705698944628,15.114604,Yes,Yes,Yes,Yes,Yes,120,8,120,0,1|13|2|4|10|8|6|16|28|98,ag_full_true_sac_marginsel,13.112,48,A,improving,improving,0,0,medium
98,37.7405,16.8056,51.6383,0.010126761564824827,62.9261,158.8948,82.7936,0.00023136359232012182,10.702726,Yes,Yes,Yes,Yes,Yes,120,7,120,0,2|12|2|2|3|5|9|10|32|98,ag_full_true_sac_marginsel,13.429,63,B,improving,improving,0,0,medium
99,36.3483,19.0894,53.2344,0.010290912516291481,47.4339,216.37,68.4866,0.0003015080583281815,11.896755,Yes,Yes,Yes,Yes,Yes,120,4,120,0,1|12|5|3|6|4|2|13|31|44,ag_full_true_sac_marginsel,13.241,28,A,improving,passed,0,0,medium
100,39.0233,18.4462,52.9553,0.009301095561322636,71.0196,81.2681,86.8249,0.00013458931061904877,5.850721,Yes,Yes,Yes,Yes,Yes,120,5,120,0,1|2|7|4|16|3|5|0|36|80,ag_full_true_sac_marginsel,13.808,15,A,improving,passed,0,0,medium
101,37.0488,18.4802,53.3833,0.009540471287406852,39.3472,218.2946,56.4863,0.0002501638373360038,11.906311,Yes,Yes,Yes,Yes,Yes,120,17,120,0,2|17|7|4|1|8|7|14|38|96,ag_full_true_sac_marginsel,13.656,24,A,improving,improving,0,0,medium
102,38.7171,17.3969,52.3824,0.011195876770057485,69.6639,78.6721,74.7824,0.00013160871458239853,5.737359,Yes,Yes,Yes,Yes,Yes,120,2,120,0,5|15|6|3|6|1|1|15|2|81,ag_full_true_sac_marginsel,13.462,72,B,passed,improving,0,0,medium
103,36.1933,17.1743,52.0835,0.009234497785476343,48.9196,219.6071,63.8963,0.00029302944312803447,13.333638,Yes,Yes,Yes,Yes,Yes,120,17,120,0,2|15|7|4|16|2|10|16|30|30,ag_full_true_sac_marginsel,13.816,39,A,improving,stalled,0,0,medium
104,35.98,19.6315,52.2264,0.010350748371930845,52.0088,213.1225,69.55,0.00032020703656598926,11.602422,Yes,Yes,Yes,Yes,Yes,120,10,120,0,1|13|2|4|8|6|2|15|11|41,ag_full_true_sac_marginsel,13.667,37,A,improving,improving,0,0,medium
105,38.6944,19.4143,52.4675,0.010939692954758556,54.1899,54.0385,77.2327,0.00010634258069330826,3.646185,Yes,Yes,Yes,Yes,Yes,120,27,120,0,5|10|5|4|3|8|8|5|22|3,ag_full_true_sac_marginsel,14.688,38,A,improving,improving,0,0,medium
106,37.6227,16.9164,52.1607,0.008984339538921225,55.769,200.9202,69.8062,0.0002659558376763016,12.668236,Yes,Yes,Yes,Yes,Yes,120,7,120,0,2|11|7|3|14|3|9|16|2|27,ag_full_true_sac_marginsel,13.869,27,A,improving,improving,0,0,medium
107,36.4947,17.6063,52.8898,0.011201857258923939,59.0127,133.5538,85.3828,0.00022194573830347508,8.797109,Yes,Yes,Yes,Yes,Yes,120,7,120,0,1|4|7|3|13|8|10|3|36|49,ag_full_true_sac_marginsel,14.74,39,A,improving,stalled,0,0,medium
108,35.685,18.5011,51.9144,0.010452641699148276,55.9087,228.7693,60.0763,0.0002735413727350533,13.062947,Yes,Yes,Yes,Yes,Yes,120,2,120,0,2|17|6|3|2|7|9|12|25|73,ag_full_true_sac_marginsel,12.536,72,A,passed,stalled,0,0,medium
109,37.3523,15.996,52.9483,0.009714358800934518,62.1139,193.7272,64.5648,0.00023235846310853958,12.969404,Yes,Yes,Yes,Yes,Yes,120,8,120,0,2|8|8|3|12|7|6|16|23|98,ag_full_true_sac_marginsel,13.051,53,A,improving,improving,0,0,medium
110,36.5955,16.2394,52.0249,0.010510095081878031,57.6799,160.5372,81.3495,0.00023192199296317995,11.003377,Yes,Yes,Yes,Yes,Yes,120,4,120,0,2|9|7|2|6|6|9|12|25|31,ag_full_true_sac_marginsel,13.619,64,A,improving,passed,0,0,medium
111,37.1771,18.5447,52.7646,0.01137471871343857,50.981,232.6834,64.4874,0.000334230629960075,13.111226,Yes,Yes,Yes,Yes,Yes,120,7,120,0,1|11|3|4|13|6|6|14|1|42,ag_full_true_sac_marginsel,13.68,42,A,improving,improving,0,0,medium
112,37.058,16.1501,53.0897,0.009858202275732279,50.0363,278.3774,61.4872,0.00037052627885714173,17.707637,Yes,Yes,Yes,Yes,Yes,120,7,120,0,1|10|5|2|10|4|11|14|27|19,ag_full_true_sac_marginsel,12.946,43,A,improving,stalled,0,0,medium
113,39.6935,18.7329,52.3894,0.0104882956726818,46.4142,224.8678,64.4133,0.0003127518866676837,12.372891,Yes,Yes,Yes,Yes,Yes,120,12,120,0,1|10|6|4|12|7|10|8|6|17,ag_full_true_sac_marginsel,14.228,29,B,improving,improving,0,0,medium
114,39.1654,19.7223,52.5254,0.010177354859589822,45.8942,281.2905,60.1025,0.00035086055868305266,14.544179,Yes,Yes,Yes,Yes,Yes,120,3,120,0,1|9|3|2|8|6|12|14|6|87,ag_full_true_sac_marginsel,13.87,38,B,passed,improving,0,0,medium
115,39.3648,16.5766,52.7473,0.010074649106464774,61.7504,165.5783,82.3552,0.00023813234292902052,11.095026,Yes,Yes,Yes,Yes,Yes,120,16,120,0,2|7|6|2|11|6|11|13|25|2,ag_full_true_sac_marginsel,12.712,66,A,improving,improving,0,0,medium
116,37.7781,17.2827,51.8964,0.009060905717308587,47.4192,256.7415,64.3227,0.000359268655302003,15.310413,Yes,Yes,Yes,Yes,Yes,120,3,120,0,1|13|5|2|7|2|5|16|4|90,ag_full_true_sac_marginsel,10.631,63,A,passed,passed,0,0,medium
117,36.3108,17.5258,52.3663,0.011266369987559397,53.3899,255.4888,62.5098,0.00035191819188185036,15.210703,Yes,Yes,Yes,Yes,Yes,120,4,120,0,1|10|3|3|12|6|12|11|11|53,ag_full_true_sac_marginsel,13.039,56,A,improving,passed,0,0,medium
118,39.2391,16.5304,52.7343,0.009737893388216824,60.489,53.7056,95.4141,0.00015939504373818636,4.58341,Yes,Yes,Yes,Yes,Yes,120,12,120,0,1|3|1|3|9|7|4|3|36|60,ag_full_true_sac_marginsel,14.234,34,A,improving,improving,0,0,medium
119,36.6077,18.5649,53.3326,0.00949777941792636,48.7426,250.3654,68.2745,0.00035474341711960733,14.060253,Yes,Yes,Yes,Yes,Yes,120,3,120,0,1|9|5|2|13|2|7|17|25|6,ag_full_true_sac_marginsel,13.538,48,B,passed,improving,0,0,medium
120,38.3644,17.0987,52.5022,0.011294028459805204,53.0578,165.528,73.2015,0.00025938768521882594,10.435044,Yes,Yes,Yes,Yes,Yes,120,11,120,0,1|11|5|2|4|1|6|5|8|14,ag_full_true_sac_marginsel,14.473,23,A,improving,stalled,0,0,medium
121,37.8516,20.1941,52.5618,0.01061778643031611,55.8955,130.696,85.4121,0.00023337893071584404,7.551679,Yes,Yes,Yes,Yes,Yes,120,11,120,0,2|12|2|4|12|4|7|12|19|98,ag_full_true_sac_marginsel,14.024,23,B,improving,improving,0,0,medium
122,37.3455,17.5497,51.5913,0.010762168276529765,62.1274,214.7103,77.241,0.0002623805485200137,13.370783,Yes,Yes,Yes,Yes,Yes,120,3,120,0,1|3|7|1|11|5|7|12|2|60,ag_full_true_sac_marginsel,14.589,30,B,passed,improving,0,0,medium
123,36.1618,19.0161,53.2309,0.01042585616224057,42.8426,227.7,65.0946,0.000340769300237298,12.349002,Yes,Yes,Yes,Yes,Yes,120,7,120,0,1|16|6|3|1|7|8|8|33|0,ag_full_true_sac_marginsel,13.805,53,A,improving,improving,0,0,medium
124,36.8674,18.9746,52.2077,0.011269602638529073,53.1128,250.1879,67.2808,0.0003249720321036875,13.885961,Yes,Yes,Yes,Yes,Yes,120,4,120,0,1|9|6|1|0|7|10|11|32|68,ag_full_true_sac_marginsel,12.635,57,A,improving,passed,0,0,medium
125,36.0371,17.7396,51.8185,0.00942438418727081,43.7141,277.3022,54.2055,0.00038615212542936206,15.849968,Yes,Yes,Yes,Yes,Yes,120,3,120,0,1|15|1|4|17|1|11|16|2|72,ag_full_true_sac_marginsel,13.059,50,A,passed,stalled,0,0,medium
126,38.9551,18.9278,52.171,0.009193152286409169,48.9634,289.2258,65.5892,0.0005290770786814392,15.737054,Yes,Yes,Yes,Yes,Yes,120,2,120,0,0|8|3|1|5|3|7|11|36|20,ag_full_true_sac_marginsel,14.113,28,B,passed,improving,0,0,medium
127,35.6009,17.6618,53.1645,0.01025759974086499,39.4268,250.1517,66.0631,0.0003858736308757216,14.475905,Yes,Yes,Yes,Yes,Yes,120,9,120,0,1|13|6|3|9|7|8|16|9|50,ag_full_true_sac_marginsel,13.794,26,A,improving,improving,0,0,medium
128,36.7008,18.6453,51.5445,0.009859773519137954,57.8279,194.3903,69.9641,0.0002517196408007294,11.333201,Yes,Yes,Yes,Yes,Yes,120,12,120,0,2|13|4|3|10|2|5|16|0|2,ag_full_true_sac_marginsel,14.288,52,A,improving,improving,0,0,medium
129,37.785,17.7603,53.4711,0.010658646627211553,43.2671,258.7564,59.539,0.00035850057611241937,14.794266,Yes,Yes,Yes,Yes,Yes,120,16,120,0,1|16|7|3|4|5|7|11|11|96,ag_full_true_sac_marginsel,13.728,43,A,improving,improving,0,0,medium
130,38.2998,17.1998,52.9605,0.011202778078952447,58.7397,150.3483,102.6479,0.00026950027677230537,10.189128,Yes,Yes,Yes,Yes,Yes,120,12,120,0,1|3|4|1|9|8|8|12|9|70,ag_full_true_sac_marginsel,13.909,28,A,improving,improving,0,0,medium
131,36.2083,16.8518,53.2622,0.0099558726571917,45.8506,224.4485,65.8064,0.00030295178294181824,13.790332,Yes,Yes,Yes,Yes,Yes,120,3,120,0,1|12|7|3|8|2|12|3|21|77,ag_full_true_sac_marginsel,13.398,52,B,passed,improving,0,0,medium
132,39.201,17.4791,53.2556,0.010190131753055456,43.7422,228.9908,64.7874,0.0002800430520437658,13.405736,Yes,Yes,Yes,Yes,Yes,120,20,120,0,1|10|7|2|2|5|0|16|37|4,ag_full_true_sac_marginsel,14.702,23,A,improving,stalled,0,0,medium
133,37.8459,20.036,52.2923,0.009386864854772642,56.302,228.0652,58.4785,0.0002635799173731357,11.96066,Yes,Yes,Yes,Yes,Yes,120,4,120,0,2|16|8|3|9|0|6|14|18|96,ag_full_true_sac_marginsel,13.488,27,A,improving,passed,0,0,medium
134,36.874,18.6133,51.5635,0.010603314686540025,47.5066,229.9556,69.4947,0.0002963834849651903,12.962543,Yes,Yes,Yes,Yes,Yes,120,5,120,0,1|5|3|2|14|6|7|16|33|29,ag_full_true_sac_marginsel,13.53,49,A,improving,passed,0,0,medium
135,37.0177,18.9982,51.5814,0.009701641009258232,46.0703,274.2305,63.1748,0.00038545290590263903,14.864118,Yes,Yes,Yes,Yes,Yes,120,7,120,0,1|12|5|2|6|6|8|17|11|98,ag_full_true_sac_marginsel,14.416,32,A,improving,improving,0,0,medium
136,35.2577,16.9328,52.6411,0.009965189846431029,63.5792,146.5486,118.3734,0.0005785179673694074,10.648613,Yes,Yes,Yes,Yes,Yes,120,3,120,0,0|15|0|1|9|7|11|13|13|69,ag_full_true_sac_marginsel,12.769,65,B,passed,improving,0,0,medium
137,36.9008,17.6343,52.7062,0.008750644118886226,42.9417,261.1688,59.9325,0.0003732439945451915,15.068452,Yes,Yes,Yes,Yes,Yes,120,11,120,0,1|17|6|3|3|6|11|8|31|90,ag_full_true_sac_marginsel,13.562,31,A,improving,improving,0,0,medium
138,39.0181,19.3826,52.8544,0.010776193727135104,52.1229,174.5222,77.991,0.0002591119264252484,9.791477,Yes,Yes,Yes,Yes,Yes,120,4,120,0,2|12|5|3|8|7|12|11|0|98,ag_full_true_sac_marginsel,14.393,24,A,improving,passed,0,0,medium
139,37.8621,20.4152,52.4544,0.009887769115481261,66.9816,204.9045,78.5868,0.0003536729491315782,11.268395,Yes,Yes,Yes,Yes,Yes,120,15,120,0,1|12|2|1|4|2|9|13|7|85,ag_full_true_sac_marginsel,13.792,29,A,improving,improving,0,0,medium
140,36.5371,16.7186,51.8185,0.00945749492524729,50.2366,240.5353,59.6713,0.0003032599051948637,14.881696,Yes,Yes,Yes,Yes,Yes,120,4,120,0,1|11|6|4|9|6|6|10|8|88,ag_full_true_sac_marginsel,13.689,43,A,improving,passed,0,0,medium
141,37.2853,18.9863,52.5666,0.008784639786042736,54.5349,226.424,64.0176,0.00031816106638871133,12.569888,Yes,Yes,Yes,Yes,Yes,120,14,120,0,1|14|2|4|10|2|3|13|37|42,ag_full_true_sac_marginsel,13.755,53,A,improving,stalled,0,0,medium
142,39.2102,19.3646,52.37,0.009398263567517063,53.8422,136.8269,69.5891,0.00016786015476100147,7.749918,Yes,Yes,Yes,Yes,Yes,120,7,120,0,4|12|7|4|12|5|8|16|36|35,ag_full_true_sac_marginsel,14.043,31,B,improving,improving,0,0,medium
143,38.399,18.2993,51.4827,0.010036959672797115,65.426,190.1096,60.7617,0.00020719012536574155,11.252325,Yes,Yes,Yes,Yes,Yes,120,4,120,0,3|12|8|3|8|6|11|13|7|39,ag_full_true_sac_marginsel,13.745,65,A,improving,passed,0,0,medium
144,37.8859,16.713,52.6198,0.008888030490786417,59.4492,159.5689,81.0997,0.0002477422822266817,10.630144,Yes,Yes,Yes,Yes,Yes,120,14,120,0,2|11|6|1|5|1|10|12|12|79,ag_full_true_sac_marginsel,14.009,45,A,improving,improving,0,0,medium
145,39.324,19.6548,52.3523,0.010380670551892481,59.9172,118.7067,71.9373,0.00017828420095611364,6.920172,Yes,Yes,Yes,Yes,Yes,120,14,120,0,3|16|5|4|2|6|2|12|23|82,ag_full_true_sac_marginsel,13.905,51,A,improving,stalled,0,0,medium
146,35.3589,17.002,52.3881,0.009561124552890573,48.8739,284.0063,57.4226,0.00035455910256132483,17.145554,Yes,Yes,Yes,Yes,Yes,120,7,120,0,1|11|8|2|11|0|5|17|10|78,ag_full_true_sac_marginsel,13.215,59,A,improving,improving,0,0,medium
147,38.2172,19.9479,51.9938,0.00962437163650652,71.4121,43.8014,87.8319,0.00010917123290710151,3.742314,Yes,Yes,Yes,Yes,Yes,120,4,120,0,6|9|4|2|2|8|12|7|5|14,ag_full_true_sac_marginsel,14.615,71,A,improving,passed,0,0,medium
148,37.7962,19.969,51.8409,0.010277239086027514,54.8213,193.5624,73.7895,0.00027148000663146377,10.540572,Yes,Yes,Yes,Yes,Yes,120,22,120,0,1|7|5|3|9|8|12|4|14|26,ag_full_true_sac_marginsel,15.142,25,A,improving,improving,0,0,medium
149,39.1785,16.5213,51.994,0.009879150461688796,56.6602,201.3481,78.3817,0.00032913152244873345,13.107621,Yes,Yes,Yes,Yes,Yes,120,17,120,0,1|10|1|3|16|1|7|14|16|82,ag_full_true_sac_marginsel,14.634,49,A,improving,improving,0,0,medium
150,36.8376,19.0044,52.6318,0.008822393426832905,53.7083,204.0755,69.1572,0.00028915528673678637,11.477518,Yes,Yes,Yes,Yes,Yes,120,12,120,0,2|16|3|4|8|8|11|14|18|62,ag_full_true_sac_marginsel,14.568,62,A,improving,improving,0,0,medium
151,38.3261,17.1007,53.3755,0.009530915731432877,59.7322,248.605,64.7863,0.00047400311450473964,15.260268,Yes,Yes,Yes,Yes,Yes,120,4,120,0,0|8|4|1|5|1|10|4|8|72,ag_full_true_sac_marginsel,13.567,44,A,improving,passed,0,0,medium
152,36.1412,19.122,53.1979,0.010641050235297418,55.1384,149.254,90.2212,0.0002624442568048835,9.0023,Yes,Yes,Yes,Yes,Yes,120,2,120,0,1|6|3|2|10|4|8|8|38|30,ag_full_true_sac_marginsel,14.904,40,B,passed,improving,0,0,medium
153,35.3743,18.6591,51.941,0.010267850563445194,48.9738,166.1724,74.5683,0.00024710877914913,9.701708,Yes,Yes,Yes,Yes,Yes,120,11,120,0,1|7|8|4|17|2|0|13|0|98,ag_full_true_sac_marginsel,14.05,22,A,improving,improving,0,0,medium
154,35.7553,18.5313,52.0764,0.009210835952526355,43.4975,224.5746,60.2826,0.00024430229677818716,12.466254,Yes,Yes,Yes,Yes,Yes,120,17,120,0,1|7|5|3|11|2|1|14|37|33,ag_full_true_sac_marginsel,13.892,39,A,improving,stalled,0,0,medium
155,38.5667,18.3508,52.1068,0.011326757567864885,47.0023,299.5223,59.9863,0.00039565100451000035,16.657069,Yes,Yes,Yes,Yes,Yes,120,3,120,0,0|5|6|1|2|5|4|8|1|83,ag_full_true_sac_marginsel,12.143,36,A,passed,passed,0,0,medium
156,36.0728,18.101,52.8733,0.008964606774964324,50.9254,129.7133,71.783,0.00016826557111926377,7.916688,Yes,Yes,Yes,Yes,Yes,120,2,120,0,4|12|8|4|9|8|8|17|13|84,ag_full_true_sac_marginsel,14.745,56,B,passed,improving,0,0,medium
157,38.2752,17.1474,52.2097,0.011368327920577691,50.086,190.3338,69.5201,0.00028145036776550114,11.715255,Yes,Yes,Yes,Yes,Yes,120,14,120,0,1|7|8|4|17|7|4|13|5|37,ag_full_true_sac_marginsel,13.972,41,A,improving,improving,0,0,medium
158,36.8177,16.4631,52.9527,0.011045657393540348,54.7059,213.7578,63.6012,0.00026153959333896637,13.647312,Yes,Yes,Yes,Yes,Yes,120,3,120,0,1|10|7|3|6|3|7|5|2|36,ag_full_true_sac_marginsel,14.588,40,A,passed,stalled,0,0,medium
159,36.9738,15.5572,52.3272,0.009889776240607504,65.3171,62.2561,97.1604,0.0001430548873031512,5.610646,Yes,Yes,Yes,Yes,Yes,120,7,120,0,4|7|7|2|13|1|11|10|23|8,ag_full_true_sac_marginsel,14.233,75,B,improving,improving,0,0,medium
160,37.1362,15.9282,52.9758,0.010668386199948074,56.6179,214.0335,78.9425,0.00031539442716166377,14.422614,Yes,Yes,Yes,Yes,Yes,120,4,120,0,1|5|7|1|11|3|9|14|15|61,ag_full_true_sac_marginsel,14.067,54,A,improving,passed,0,0,medium
161,36.0077,18.6782,53.3785,0.01019714065780443,44.6592,244.335,65.066,0.00034288770984858274,13.506859,Yes,Yes,Yes,Yes,Yes,120,9,120,0,1|13|5|3|8|4|2|17|14|91,ag_full_true_sac_marginsel,14.672,34,A,improving,improving,0,0,medium
162,37.0246,17.8056,52.8716,0.008720132929312608,57.9063,190.7357,71.1667,0.0002733136643655598,11.590812,Yes,Yes,Yes,Yes,Yes,120,17,120,0,1|5|8|3|16|8|8|10|20|64,ag_full_true_sac_marginsel,14.322,35,A,improving,improving,0,0,medium
163,37.7283,17.4732,53.5998,0.009963164687258393,59.8181,89.068,109.2382,0.0002642956969793886,6.694398,Yes,Yes,Yes,Yes,Yes,120,13,120,0,1|3|3|1|13|4|8|11|11|70,ag_full_true_sac_marginsel,15.137,31,A,improving,improving,0,0,medium
164,39.5944,16.6536,52.816,0.010326894663619694,54.4519,179.5563,84.3306,0.00031538313487544656,11.72321,Yes,Yes,Yes,Yes,Yes,120,9,120,0,1|5|5|2|17|6|7|16|10|84,ag_full_true_sac_marginsel,14.231,31,A,improving,improving,0,0,medium
165,36.0002,18.2974,53.3968,0.009783872915836505,52.3593,155.0824,74.356,0.00023473647888749838,9.298593,Yes,Yes,Yes,Yes,Yes,120,9,120,0,1|10|5|3|2|5|1|8|12|98,ag_full_true_sac_marginsel,14.324,63,A,improving,improving,0,0,medium
166,35.1926,17.9767,51.9726,0.00983589336760051,43.9715,198.6889,59.4519,0.0002357886842219159,11.421947,Yes,Yes,Yes,Yes,Yes,120,20,120,0,2|9|4|4|16|6|10|16|20|66,ag_full_true_sac_marginsel,15.138,46,A,improving,improving,0,0,medium
167,37.4095,16.1629,51.7323,0.010402371378656463,57.2115,149.9329,72.0946,0.00022511098359245807,10.177671,Yes,Yes,Yes,Yes,Yes,120,3,120,0,1|10|4|3|2|4|3|5|31|78,ag_full_true_sac_marginsel,13.686,58,A,passed,passed,0,0,medium
168,36.9927,15.5822,52.8264,0.010249526252620843,55.2581,175.0815,77.1195,0.00027529263752512634,12.162741,Yes,Yes,Yes,Yes,Yes,120,14,120,0,1|9|2|4|9|8|2|13|4|80,ag_full_true_sac_marginsel,14.906,21,A,improving,improving,0,0,medium
169,36.4115,16.0495,53.0462,0.010401346912723082,43.2177,260.7421,61.244,0.00030945963226258755,16.557848,Yes,Yes,Yes,Yes,Yes,120,4,120,0,1|10|6|2|7|2|10|10|29|86,ag_full_true_sac_marginsel,14.027,44,A,improving,passed,0,0,medium
170,40.0936,18.4443,52.6809,0.009997205249526969,48.5526,264.962,63.3519,0.0004082662344444543,14.738208,Yes,Yes,Yes,Yes,Yes,120,13,120,0,1|17|3|2|2|6|12|12|26|21,ag_full_true_sac_marginsel,14.798,24,A,improving,stalled,0,0,medium
171,38.785,18.9553,53.344,0.009636003308919266,53.4528,203.7588,65.964,0.00026388640981167555,11.336783,Yes,Yes,Yes,Yes,Yes,120,14,120,0,1|11|1|4|10|2|2|11|19|35,ag_full_true_sac_marginsel,13.888,63,A,improving,improving,0,0,medium
172,36.8562,17.3118,53.0011,0.011353351713503015,63.0534,99.1462,76.2532,0.00014448532601818442,6.863853,Yes,Yes,Yes,Yes,Yes,120,20,120,0,3|10|7|3|5|3|5|7|13|94,ag_full_true_sac_marginsel,14.467,55,A,improving,improving,0,0,medium
173,35.8382,16.5055,52.9875,0.009596457219027407,42.8338,212.9182,66.2766,0.00031039491295814514,13.313478,Yes,Yes,Yes,Yes,Yes,120,4,120,0,1|14|8|3|0|8|3|11|27|77,ag_full_true_sac_marginsel,14.097,33,A,improving,passed,0,0,medium
174,38.4498,15.8178,52.1466,0.009658444473118241,58.9025,144.5149,81.6099,0.00024209849652834237,10.208072,Yes,Yes,Yes,Yes,Yes,120,8,120,0,2|9|3|4|16|8|9|14|38|34,ag_full_true_sac_marginsel,14.5,49,A,improving,stalled,0,0,medium
175,35.1684,17.0594,52.1059,0.00998568313943486,51.0317,279.4207,65.1368,0.000364160630851984,17.043984,Yes,Yes,Yes,Yes,Yes,120,4,120,0,1|9|5|1|1|8|11|15|29|65,ag_full_true_sac_marginsel,13.927,60,A,improving,passed,0,0,medium
176,39.4533,17.5822,51.7247,0.010043453841322195,55.7857,219.2273,70.382,0.0002898901584558189,13.214515,Yes,Yes,Yes,Yes,Yes,120,31,120,0,1|6|8|2|11|5|5|14|26|21,ag_full_true_sac_marginsel,14.338,39,A,improving,improving,0,0,medium
177,39.0867,16.5662,51.9098,0.010577856084898371,59.3268,121.2895,75.1173,0.0001783454354153946,8.26953,Yes,Yes,Yes,Yes,Yes,120,12,120,0,3|14|7|2|3|2|1|15|35|34,ag_full_true_sac_marginsel,15.349,40,B,improving,improving,0,0,medium
178,36.8882,19.7371,52.4838,0.011196256645056303,51.7441,214.4662,63.7394,0.0003123363421764225,11.455432,Yes,Yes,Yes,Yes,Yes,120,11,120,0,1|16|4|3|3|3|4|9|36|88,ag_full_true_sac_marginsel,13.988,43,A,improving,improving,0,0,medium
179,35.7576,17.9802,52.348,0.008942110321917414,40.5649,292.1886,55.8292,0.00037678549415431917,16.409347,Yes,Yes,Yes,Yes,Yes,120,4,120,0,1|16|3|3|9|1|11|13|8|93,ag_full_true_sac_marginsel,13.397,46,A,improving,passed,0,0,medium
180,35.3988,18.8953,52.2979,0.009322781880091608,41.5767,288.4434,58.8485,0.00039776036283001304,15.52249,Yes,Yes,Yes,Yes,Yes,120,10,120,0,1|16|2|3|12|0|10|17|34|58,ag_full_true_sac_marginsel,15.071,27,A,improving,improving,0,0,medium
181,37.4114,19.0091,51.5999,0.009320333649928663,40.9061,298.6377,55.1398,0.00042714356095530093,15.826458,Yes,Yes,Yes,Yes,Yes,120,11,120,0,1|14|7|3|16|1|11|17|33|93,ag_full_true_sac_marginsel,14.735,26,A,improving,improving,0,0,medium
182,36.1851,20.0224,52.6726,0.01071846524600736,46.6891,213.94,60.7347,0.0002994961105287075,11.100463,Yes,Yes,Yes,Yes,Yes,120,2,120,0,1|16|7|4|4|3|11|0|7|33,ag_full_true_sac_marginsel,13.735,33,B,passed,improving,0,0,medium
183,35.6267,16.2131,52.8153,0.010154164944773928,38.6633,265.4068,66.4653,0.00042314737220294774,16.671877,Yes,Yes,Yes,Yes,Yes,120,6,120,0,0|5|8|2|10|5|9|4|22|5,ag_full_true_sac_marginsel,13.864,36,A,improving,passed,0,0,medium
184,39.7638,17.2479,52.9918,0.010469021498390532,55.4357,137.3068,74.4655,0.00021139327145647258,8.739944,Yes,Yes,Yes,Yes,Yes,120,7,120,0,1|8|8|2|4|1|5|3|36|62,ag_full_true_sac_marginsel,13.787,46,A,improving,improving,0,0,medium
185,38.2123,18.7179,51.8642,0.008935762528966848,54.2034,219.1548,69.3697,0.0003042382886633277,12.430245,Yes,Yes,Yes,Yes,Yes,120,8,120,0,1|8|4|3|10|8|6|13|13|31,ag_full_true_sac_marginsel,12.909,31,B,improving,improving,0,0,medium
186,38.5441,19.2026,52.0441,0.009003334006216349,49.2404,186.447,69.7984,0.00025404669577255845,10.299888,Yes,Yes,Yes,Yes,Yes,120,8,120,0,1|9|7|4|12|2|7|5|24|68,ag_full_true_sac_marginsel,13.929,46,A,improving,improving,0,0,medium
187,37.63,19.1869,53.5112,0.010483363957082515,41.077,250.7009,57.7455,0.000305702822515741,13.207854,Yes,Yes,Yes,Yes,Yes,120,16,120,0,1|14|5|3|5|2|2|14|29|51,ag_full_true_sac_marginsel,13.611,35,A,improving,improving,0,0,medium
188,36.4908,15.6445,52.5133,0.009640374025716774,58.5297,198.0195,62.8434,0.0002497053937986493,13.432196,Yes,Yes,Yes,Yes,Yes,120,12,120,0,2|17|5|3|5|2|2|15|2|95,ag_full_true_sac_marginsel,13.554,41,A,improving,improving,0,0,medium
189,36.6028,19.7591,53.1762,0.010668051521352757,51.5204,244.8017,57.0501,0.0003141549532301724,12.840259,Yes,Yes,Yes,Yes,Yes,120,8,120,0,1|9|8|4|16|5|12|7|36|27,ag_full_true_sac_marginsel,13.805,41,A,improving,stalled,0,0,medium
190,35.7816,19.55,53.0115,0.010567186940469257,54.2982,292.192,62.0801,0.000424346886575222,15.594311,Yes,Yes,Yes,Yes,Yes,120,6,120,0,0|2|6|1|15|4|5|11|17|63,ag_full_true_sac_marginsel,13.528,38,A,improving,passed,0,0,medium
191,39.5204,18.9979,53.0127,0.010682516698075739,65.9336,135.7199,77.7851,0.0001815992727642879,8.262591,Yes,Yes,Yes,Yes,Yes,120,7,120,0,3|9|8|3|16|0|5|16|35|10,ag_full_true_sac_marginsel,14.193,44,A,improving,improving,0,0,medium
192,37.9959,15.4787,52.5521,0.009642141477712593,62.2251,203.3147,69.7005,0.00026973182684741914,14.071122,Yes,Yes,Yes,Yes,Yes,120,3,120,0,1|6|2|3|16|4|10|7|8|64,ag_full_true_sac_marginsel,12.918,54,A,passed,passed,0,0,medium
193,36.3375,19.4839,53.173,0.01079842019504417,40.2837,199.9272,60.9129,0.00022900434851180762,10.494073,Yes,Yes,Yes,Yes,Yes,120,8,120,0,2|13|6|4|5|7|6|15|16|69,ag_full_true_sac_marginsel,13.449,57,A,improving,improving,0,0,medium
194,38.0096,20.6201,52.5103,0.010329100291086017,76.8547,65.1269,92.3228,0.00013515468162950128,4.925504,Yes,Yes,Yes,Yes,Yes,120,10,120,0,6|12|4|3|14|1|9|17|11|67,ag_full_true_sac_marginsel,13.263,65,A,improving,improving,0,0,medium
195,35.7612,18.6133,52.5412,0.008928141512844538,64.4923,168.8159,61.9802,0.00018353917403146625,10.03217,Yes,Yes,Yes,Yes,Yes,120,8,120,0,4|17|8|3|8|1|11|12|38|32,ag_full_true_sac_marginsel,13.592,73,A,improving,improving,0,0,medium
196,37.4291,17.8928,53.5667,0.01080046821792826,57.6845,185.3894,63.6514,0.00023460769443772733,11.068851,Yes,Yes,Yes,Yes,Yes,120,7,120,0,1|10|5|4|2|7|0|9|16|5,ag_full_true_sac_marginsel,14.41,33,A,improving,improving,0,0,medium
197,37.5984,20.0774,52.6629,0.009113303223493453,45.1836,237.8137,69.5887,0.00035200867569074035,12.329382,Yes,Yes,Yes,Yes,Yes,120,4,120,0,1|12|5|2|7|3|11|10|35|84,ag_full_true_sac_marginsel,13.607,37,A,improving,passed,0,0,medium
198,35.8403,17.775,52.0097,0.00901542439353616,53.901,245.8159,61.3537,0.00030313502065837383,14.479262,Yes,Yes,Yes,Yes,Yes,120,7,120,0,1|10|5|3|6|7|0|17|7|88,ag_full_true_sac_marginsel,13.779,32,A,improving,improving,0,0,medium
199,38.251,18.5584,51.3751,0.009998040602961259,61.5265,136.7627,91.3071,0.00023951487673912197,8.731128,Yes,Yes,Yes,Yes,Yes,120,5,120,0,1|3|8|2|17|5|4|12|8|41,ag_full_true_sac_marginsel,14.683,29,A,improving,passed,0,0,medium
200,39.0666,19.6189,53.1917,0.010134634768288063,53.7761,234.4137,70.4059,0.0003263636608608067,12.616317,Yes,Yes,Yes,Yes,Yes,120,5,120,0,1|10|3|2|5|6|5|15|27|27,ag_full_true_sac_marginsel,13.71,33,A,improving,passed,0,0,medium
201,35.2414,15.1863,52.8947,0.01067347147481284,64.654,109.929,88.9732,0.00019364894251339138,8.737228,Yes,Yes,Yes,Yes,Yes,120,8,120,0,3|14|2|2|3|4|6|14|27|28,ag_full_true_sac_marginsel,13.872,55,A,improving,improving,0,0,medium
202,39.902,19.9938,52.3943,0.00878666614998873,58.3978,212.5556,68.5738,0.0002869314339477569,11.370754,Yes,Yes,Yes,Yes,Yes,120,16,120,0,2|16|2|3|8|4|10|15|16|28,ag_full_true_sac_marginsel,14.47,34,A,improving,improving,0,0,medium
203,35.7642,19.1479,52.0289,0.008321687777215873,49.719,315.3837,54.7158,0.00041930904262699187,16.862396,Yes,Yes,Yes,Yes,Yes,120,11,120,0,0|5|4|2|12|2|6|7|16|70,ag_full_true_sac_marginsel,12.766,37,A,improving,improving,0,0,medium
204,38.609,15.8531,51.3196,0.010872667072482448,52.2551,261.1716,57.5181,0.0003581087803468108,16.915753,Yes,Yes,Yes,Yes,Yes,120,15,120,0,1|12|3|4|14|5|8|14|16|43,ag_full_true_sac_marginsel,14.02,36,A,improving,improving,0,0,medium
205,36.2412,18.7426,52.8667,0.008081472563504872,48.1821,228.6145,62.8143,0.0003027456405106932,12.677795,Yes,Yes,Yes,Yes,Yes,120,6,120,0,2|17|6|4|9|7|12|14|16|16,ag_full_true_sac_marginsel,13.542,52,A,improving,passed,0,0,medium
206,36.8312,19.9409,51.8079,0.008435996933537441,58.2325,174.6453,72.679,0.00024590277462266386,9.712904,Yes,Yes,Yes,Yes,Yes,120,4,120,0,2|12|3|4|12|5|11|10|7|98,ag_full_true_sac_marginsel,13.321,55,A,improving,passed,0,0,medium
207,33.5383,18.0602,52.5282,0.009958425278763818,54.5439,202.3542,64.7818,0.0002548486227169633,12.038444,Yes,Yes,Yes,Yes,Yes,120,6,120,0,1|8|8|4|14|2|6|7|2|94,ag_full_true_sac_marginsel,13.275,46,A,improving,passed,0,0,medium
208,38.9428,14.9147,52.7016,0.011149644944002873,53.8479,114.0757,86.5136,0.00020312769629526883,8.654659,Yes,Yes,Yes,Yes,Yes,120,2,120,0,1|6|5|2|2|6|8|1|2|96,ag_full_true_sac_marginsel,14.589,18,B,passed,improving,0,0,medium
209,34.8042,17.1181,51.7287,0.008890618992363002,40.5891,274.1932,60.8743,0.00041363152558915317,16.314252,Yes,Yes,Yes,Yes,Yes,120,4,120,0,1|17|5|3|8|4|9|15|17|79,ag_full_true_sac_marginsel,12.67,41,A,improving,passed,0,0,medium
210,36.9507,20.3347,53.8258,0.009780028684689163,48.7052,248.0677,67.9718,0.0003400356799829751,12.745372,Yes,Yes,Yes,Yes,Yes,120,17,120,0,0|4|5|2|7|5|2|7|21|76,ag_full_true_sac_marginsel,13.265,35,A,improving,improving,0,0,medium
211,40.444,18.0534,53.6615,0.01001843563873386,55.3214,189.8673,75.4987,0.0002860921958927065,11.263219,Yes,Yes,Yes,Yes,Yes,120,3,120,0,2|17|2|3|5|6|12|12|8|71,ag_full_true_sac_marginsel,13.666,56,B,passed,improving,0,0,medium
212,37.6587,18.4299,54.1498,0.01068319653715722,47.2777,260.7525,66.0064,0.00041045446414500475,14.584272,Yes,Yes,Yes,Yes,Yes,120,3,120,0,1|12|6|1|6|2|11|17|0|12,ag_full_true_sac_marginsel,12.235,66,A,passed,passed,0,0,medium
213,35.386,20.8136,52.0365,0.009271858246050358,58.156,185.8889,71.0703,0.00024030522035900503,9.914455,Yes,Yes,Yes,Yes,Yes,120,11,120,0,3|17|7|2|3|5|11|16|33|59,ag_full_true_sac_marginsel,14.255,53,A,improving,improving,0,0,medium
214,41.3503,18.128,53.0059,0.01013352607541271,51.2368,194.2311,68.891,0.00028774040401913226,11.224831,Yes,Yes,Yes,Yes,Yes,120,2,120,0,1|14|3|4|4|5|1|11|38|17,ag_full_true_sac_marginsel,14.298,39,B,passed,improving,0,0,medium
215,38.1414,18.7867,50.918,0.010818631401121066,50.7531,261.2425,61.9685,0.0003566046361811459,14.420411,Yes,Yes,Yes,Yes,Yes,120,15,120,0,1|13|3|3|13|0|10|11|15|64,ag_full_true_sac_marginsel,13.554,44,A,improving,improving,0,0,medium
216,35.2265,14.7562,52.442,0.010209992385954663,47.1661,269.0068,62.4846,0.0004016968887299299,18.721145,Yes,Yes,Yes,Yes,Yes,120,12,120,0,0|5|3|3|15|4|5|7|20|88,ag_full_true_sac_marginsel,13.602,26,A,improving,improving,0,0,medium
217,35.9126,19.8478,51.1834,0.009573058594479404,55.8643,157.3701,75.0409,0.00022517442994285375,8.926993,Yes,Yes,Yes,Yes,Yes,120,21,120,0,2|11|6|4|14|2|11|7|26|84,ag_full_true_sac_marginsel,14.243,51,A,improving,improving,0,0,medium
218,35.518,17.8466,52.905,0.008167786322298663,42.0195,256.4269,62.4548,0.0003779311082325876,14.685649,Yes,Yes,Yes,Yes,Yes,120,3,120,0,1|17|1|4|12|3|11|14|3|25,ag_full_true_sac_marginsel,12.413,29,A,passed,passed,0,0,medium
219,38.5464,18.0884,51.3286,0.008499254665359363,45.6414,208.1539,75.882,0.0003131768899038434,12.133154,Yes,Yes,Yes,Yes,Yes,120,7,120,0,1|9|6|2|12|0|12|7|38|72,ag_full_true_sac_marginsel,13.477,72,A,improving,improving,0,0,medium
220,37.2956,14.4378,51.7645,0.009837298573651496,54.5332,210.6079,68.1544,0.00029017755878157914,15.336574,Yes,Yes,Yes,Yes,Yes,120,3,120,0,1|12|3|3|5|4|8|6|0|40,ag_full_true_sac_marginsel,13.883,60,B,passed,improving,0,0,medium
221,37.989,19.9958,51.4676,0.008662613495757764,60.8133,122.8382,77.1493,0.00018068580538965762,7.22214,Yes,Yes,Yes,Yes,Yes,120,14,120,0,4|17|6|3|7|2|8|14|10|63,ag_full_true_sac_marginsel,14.076,43,A,improving,improving,0,0,medium
222,34.92,18.6623,53.759,0.009524182312519282,37.4291,289.6886,54.9586,0.00045867980225011706,15.568673,Yes,Yes,Yes,Yes,Yes,120,9,120,0,0|11|6|4|8|3|7|3|22|68,ag_full_true_sac_marginsel,13.311,30,A,improving,improving,0,0,medium
223,34.2787,15.8686,52.0403,0.009693732704452129,54.7059,213.7578,63.6012,0.00026153959333896637,14.261595,Yes,Yes,Yes,Yes,Yes,120,10,120,0,1|10|7|3|3|6|12|0|9|31,ag_full_true_sac_marginsel,13.569,60,A,improving,improving,0,0,medium
224,36.0627,18.1319,52.0298,0.012189198605046709,42.8696,260.7377,62.4793,0.0003699694061651826,14.739288,Yes,Yes,Yes,Yes,Yes,120,14,120,0,1|12|6|3|14|2|12|11|9|19,ag_full_true_sac_marginsel,13.286,40,B,improving,improving,0,0,medium
225,36.0681,16.2256,52.9347,0.008259870315817704,75.6821,107.0242,84.3744,0.00016251299530267715,8.268561,Yes,Yes,Yes,Yes,Yes,120,18,120,0,5|16|2|4|12|3|10|16|38|26,ag_full_true_sac_marginsel,14.14,58,A,improving,stalled,0,0,medium
226,38.4785,18.2501,52.3413,0.012356114413707268,54.1463,261.744,58.3304,0.0003381677670404315,14.836257,Yes,Yes,Yes,Yes,Yes,120,3,120,0,1|14|3|3|9|1|3|15|33|67,ag_full_true_sac_marginsel,13.247,36,B,passed,improving,0,0,medium
227,36.4749,21.2972,52.3408,0.008909843510649102,59.0621,188.5812,64.0905,0.00023467301798518747,9.672116,Yes,Yes,Yes,Yes,Yes,120,8,120,0,1|9|4|4|9|2|9|1|25|26,ag_full_true_sac_marginsel,13.285,50,A,improving,improving,0,0,medium
228,37.7112,14.8422,51.5269,0.010778406069889175,48.5894,241.9099,75.3136,0.0004725228645838797,17.005071,Yes,Yes,Yes,Yes,Yes,120,16,120,0,0|12|1|2|3|7|9|5|13|94,ag_full_true_sac_marginsel,14.529,30,A,improving,improving,0,0,medium
229,38.8309,16.5522,53.5137,0.011668603061255875,50.0098,232.7523,70.9037,0.00035250274231657386,14.644359,Yes,Yes,Yes,Yes,Yes,120,32,120,0,1|15|2|2|2|5|3|17|6|58,ag_full_true_sac_marginsel,14.342,39,B,improving,improving,0,0,medium
230,39.6502,18.7699,53.3748,0.008507141066146412,45.9415,289.8609,61.4202,0.0005397467757575214,15.688802,Yes,Yes,Yes,Yes,Yes,120,14,120,0,0|13|2|2|1|8|8|8|24|28,ag_full_true_sac_marginsel,13.665,23,A,improving,improving,0,0,medium
231,36.2856,14.7827,52.6952,0.008865093970003726,49.2187,195.9502,61.3266,0.00021535296400543302,13.751305,Yes,Yes,Yes,Yes,Yes,120,4,120,0,2|9|7|3|6|8|3|17|5|93,ag_full_true_sac_marginsel,13.397,74,A,improving,passed,0,0,medium
232,37.1422,21.9377,52.3434,0.010604138663250726,56.4288,168.1462,75.2666,0.00022924825316295028,8.600302,Yes,Yes,Yes,Yes,Yes,120,7,120,0,1|7|8|2|5|3|6|5|6|50,ag_full_true_sac_marginsel,13.966,51,A,improving,improving,0,0,medium
233,35.5939,18.6036,52.5212,0.012181316653798074,61.1986,154.3878,79.3467,0.0002656223950907588,9.50713,Yes,Yes,Yes,Yes,Yes,120,2,120,0,2|15|4|1|3|1|7|15|37|0,ag_full_true_sac_marginsel,12.646,69,B,passed,improving,0,0,medium
234,39.8025,21.1621,52.7622,0.01075898720990136,62.2259,143.1181,80.3689,0.00020310524269007146,7.830678,Yes,Yes,Yes,Yes,Yes,120,14,120,0,1|5|4|3|8|6|8|2|20|15,ag_full_true_sac_marginsel,14.387,38,A,improving,improving,0,0,medium
235,34.6888,17.7915,53.4844,0.011296660720396354,41.8879,260.7522,59.5683,0.000366150721674785,14.944894,Yes,Yes,Yes,Yes,Yes,120,7,120,0,1|17|8|2|1|4|5|15|21|83,ag_full_true_sac_marginsel,13.635,38,A,improving,stalled,0,0,medium
236,38.0628,20.2902,53.0594,0.011906013430488523,55.1455,124.9052,79.8521,0.00019368136418052018,7.093435,Yes,Yes,Yes,Yes,Yes,120,27,120,0,3|14|8|3|9|1|7|12|23|12,ag_full_true_sac_marginsel,13.883,46,A,improving,improving,0,0,medium
237,37.9094,17.5111,52.7037,0.007754178421056146,55.0858,127.112,74.0948,0.00019221882394049317,8.093122,Yes,Yes,Yes,Yes,Yes,120,8,120,0,3|17|7|4|4|5|0|16|21|93,ag_full_true_sac_marginsel,13.997,57,A,improving,improving,0,0,medium
238,37.8974,14.3219,51.7335,0.010365231156583294,43.0238,225.025,59.0537,0.0002539288834668696,15.964247,Yes,Yes,Yes,Yes,Yes,120,8,120,0,1|10|6|3|2|6|1|12|15|86,ag_full_true_sac_marginsel,13.444,51,B,improving,improving,0,0,medium
239,38.517,15.595,51.85,0.01175131393408754,58.6016,185.6117,62.0806,0.0002200991875724867,12.602038,Yes,Yes,Yes,Yes,Yes,120,2,120,0,1|8|8|4|6|5|1|8|21|73,ag_full_true_sac_marginsel,12.803,47,A,passed,stalled,0,0,medium
240,36.6175,21.9726,52.4985,0.010520870867341997,54.1865,194.1915,73.8232,0.00029823859222233295,9.69553,Yes,Yes,Yes,Yes,Yes,120,2,120,0,1|6|6|3|16|8|9|11|0|68,ag_full_true_sac_marginsel,13.926,29,B,passed,improving,0,0,medium
241,41.1042,18.2837,51.5424,0.009961628094625388,53.6129,278.0604,63.2454,0.0003966644871979952,15.699628,Yes,Yes,Yes,Yes,Yes,120,5,120,0,1|12|2|2|7|6|11|16|18|21,ag_full_true_sac_marginsel,14.54,34,A,improving,passed,0,0,medium
242,37.4035,14.4086,52.203,0.008962597551355147,59.7898,194.978,65.4526,0.00023241319286171347,14.358428,Yes,Yes,Yes,Yes,Yes,120,10,120,0,3|15|7|3|5|8|12|15|28|11,ag_full_true_sac_marginsel,12.912,52,A,improving,improving,0,0,medium
243,41.5605,18.1477,51.9676,0.009836128635282642,50.0456,187.692,57.6585,0.0002355691249249503,10.632188,Yes,Yes,Yes,Yes,Yes,120,2,120,0,1|12|4|4|1|5|3|5|3|79,ag_full_true_sac_marginsel,13.516,36,B,passed,improving,0,0,medium
244,38.1026,19.6184,51.3428,0.008508485937935498,49.5202,246.3843,56.159,0.00030825810972601175,12.916072,Yes,Yes,Yes,Yes,Yes,120,5,120,0,1|12|1|4|12|3|12|6|27|91,ag_full_true_sac_marginsel,13.818,46,A,improving,passed,0,0,medium
245,40.0004,17.0934,51.1256,0.010668286557482854,60.3162,153.3784,61.0013,0.00021655541786458343,9.65374,Yes,Yes,Yes,Yes,Yes,120,4,120,0,2|17|8|3|0|4|6|5|34|31,ag_full_true_sac_marginsel,12.434,59,A,improving,passed,0,0,medium
246,38.6223,14.3983,52.7382,0.011107918518288904,54.6515,191.56,69.4805,0.0002803097595460713,14.011555,Yes,Yes,Yes,Yes,Yes,120,33,120,0,1|13|3|3|0|7|11|1|25|12,ag_full_true_sac_marginsel,14.585,34,A,improving,stalled,0,0,medium
247,38.4963,19.6337,50.8985,0.010598361047086415,54.0912,219.569,64.2623,0.0002696339215617627,11.825472,Yes,Yes,Yes,Yes,Yes,120,10,120,0,2|15|7|3|5|6|7|15|36|25,ag_full_true_sac_marginsel,13.331,61,A,improving,stalled,0,0,medium
248,36.7777,16.8806,53.3905,0.012097469781866254,47.7686,239.9898,61.5564,0.0003105309442616999,14.643062,Yes,Yes,Yes,Yes,Yes,120,3,120,0,1|13|7|3|4|5|3|12|30|88,ag_full_true_sac_marginsel,12.962,45,B,passed,improving,0,0,medium
249,40.9417,20.4498,52.4098,0.010482730853193685,76.738,36.3305,99.0391,0.00013649284665007144,3.527572,Yes,Yes,Yes,Yes,Yes,120,11,120,0,3|4|1|2|12|6|3|13|23|3,ag_full_true_sac_marginsel,14.059,48,A,improving,improving,0,0,medium
250,40.4164,18.4477,52.7131,0.011872354839893877,56.3674,176.1353,70.3641,0.00021076366829220206,10.25958,Yes,Yes,Yes,Yes,Yes,120,7,120,0,3|14|3|3|6|6|11|13|22|86,ag_full_true_sac_marginsel,14.755,36,A,improving,improving,0,0,medium
251,37.2556,15.0789,51.7676,0.011578629263989048,45.242,215.422,65.3716,0.0003058940637856722,14.737039,Yes,Yes,Yes,Yes,Yes,120,7,120,0,1|9|8|4|13|8|12|6|16|51,ag_full_true_sac_marginsel,13.159,35,B,improving,improving,0,0,medium
252,37.5155,19.7121,53.9877,0.009001466460295005,43.1715,224.0176,68.3059,0.00033342078677378595,11.743415,Yes,Yes,Yes,Yes,Yes,120,4,120,0,1|14|5|3|4|6|5|12|13|45,ag_full_true_sac_marginsel,13.53,41,A,improving,passed,0,0,medium
253,39.0859,18.7718,51.3902,0.011811104753573954,49.7965,290.7819,61.7476,0.0004058920603711158,15.93158,Yes,Yes,Yes,Yes,Yes,120,4,120,0,0|4|6|1|8|2|11|2|12|52,ag_full_true_sac_marginsel,14.095,32,A,improving,passed,0,0,medium
254,36.5339,14.8981,51.6359,0.008985620694649681,48.56,236.7292,62.6006,0.00034231870085932314,16.393294,Yes,Yes,Yes,Yes,Yes,120,3,120,0,1|17|3|4|5|5|0|16|20|0,ag_full_true_sac_marginsel,13.687,46,B,passed,improving,0,0,medium
255,37.801,16.4651,51.6671,0.012122716410549976,48.0155,194.1595,67.3805,0.00029325525974854827,12.342336,Yes,Yes,Yes,Yes,Yes,120,7,120,0,1|14|5|2|1|3|3|10|34|85,ag_full_true_sac_marginsel,13.921,35,A,improving,improving,0,0,medium
256,39.2059,19.541,53.3816,0.011849515597376936,57.3253,206.6764,71.3099,0.00027394547942094505,11.35143,Yes,Yes,Yes,Yes,Yes,120,14,120,0,2|14|4|2|3|6|9|15|2|72,ag_full_true_sac_marginsel,13.8,56,A,improving,improving,0,0,medium
257,34.4686,17.4909,51.1563,0.01012933581115888,39.7073,218.8304,58.6809,0.0002517125685699284,12.785326,Yes,Yes,Yes,Yes,Yes,120,2,120,0,2|13|5|4|10|5|9|17|0|83,ag_full_true_sac_marginsel,12.648,56,B,passed,improving,0,0,medium
258,37.4872,20.8022,53.9043,0.010416490438912683,63.0598,105.9038,95.9551,0.0003205470275133848,6.52249,Yes,Yes,Yes,Yes,Yes,120,16,120,0,1|6|3|0|4|1|10|13|37|61,ag_full_true_sac_marginsel,14.991,26,A,improving,improving,0,0,medium
259,34.9764,20.377,51.3589,0.010096026516599408,44.7063,282.8118,62.5704,0.00038096323260106146,14.337721,Yes,Yes,Yes,Yes,Yes,120,20,120,0,1|13|3|2|3|7|9|17|0|71,ag_full_true_sac_marginsel,13.7,51,A,improving,improving,0,0,medium
260,40.3173,16.452,53.4865,0.011194805017805759,56.1676,257.7026,55.5003,0.00029871976585127413,16.067978,Yes,Yes,Yes,Yes,Yes,120,8,120,0,2|14|7|3|14|1|11|17|3|34,ag_full_true_sac_marginsel,12.783,56,A,improving,improving,0,0,medium
261,34.748,20.7269,53.3629,0.010266199276227751,51.4413,201.364,72.9637,0.0002718298346735537,10.536348,Yes,Yes,Yes,Yes,Yes,120,3,120,0,1|8|8|2|3|7|3|12|1|61,ag_full_true_sac_marginsel,13.779,27,B,passed,improving,0,0,medium
262,35.0491,15.3165,51.7592,0.01108687021048869,55.0446,253.468,56.9269,0.0002965008607134223,17.19225,Yes,Yes,Yes,Yes,Yes,120,4,120,0,2|17|6|3|3|8|8|17|8|7,ag_full_true_sac_marginsel,12.912,67,A,improving,passed,0,0,medium
263,34.9102,19.1518,51.0577,0.009787135286146298,54.3033,221.762,61.8569,0.00028333449154160917,12.317234,Yes,Yes,Yes,Yes,Yes,120,7,120,0,1|12|4|4|6|5|12|1|24|94,ag_full_true_sac_marginsel,13.749,47,A,improving,improving,0,0,medium
264,37.6539,21.3348,51.6713,0.0112691500216361,70.1638,52.4519,84.326,0.00011134200030937791,3.943988,Yes,Yes,Yes,Yes,Yes,120,12,120,0,6|11|4|3|3|8|4|14|12|83,ag_full_true_sac_marginsel,14.464,55,A,improving,improving,0,0,medium
265,38.5524,20.8053,52.8562,0.011867009207668667,52.5786,233.194,63.4838,0.00029158475808799267,11.7487,Yes,Yes,Yes,Yes,Yes,120,19,120,0,2|16|6|3|4|8|9|16|3|35,ag_full_true_sac_marginsel,14.089,38,A,improving,improving,0,0,medium
266,37.1394,21.3138,52.041,0.011602703412698595,76.5531,75.6909,93.4307,0.00014380700304172933,5.395429,Yes,Yes,Yes,Yes,Yes,120,6,120,0,1|2|6|3|17|0|3|3|35|73,ag_full_true_sac_marginsel,13.109,44,A,improving,passed,0,0,medium
267,35.3346,17.8033,50.9561,0.010965044422680146,45.7773,206.8728,59.2812,0.00025427713990211487,12.055637,Yes,Yes,Yes,Yes,Yes,120,5,120,0,1|12|3|4|2|6|6|5|38|30,ag_full_true_sac_marginsel,13.396,59,A,improving,passed,0,0,medium
268,41.0283,17.8165,52.294,0.008560511343015012,61.839,171.723,70.7958,0.00021264429960865527,10.474603,Yes,Yes,Yes,Yes,Yes,120,25,120,0,1|5|7|3|11|4|2|9|22|84,ag_full_true_sac_marginsel,15.113,30,A,improving,improving,0,0,medium
269,36.9472,14.2694,51.5567,0.010409326237166993,66.1428,114.2415,89.5743,0.00018705357797443867,9.515652,Yes,Yes,Yes,Yes,Yes,120,10,120,0,1|3|5|3|14|6|1|9|6|51,ag_full_true_sac_marginsel,13.415,41,A,improving,improving,0,0,medium
270,39.2119,21.5417,52.1737,0.011153805342221419,53.834,198.1131,68.8126,0.00025765300961211324,9.865424,Yes,Yes,Yes,Yes,Yes,120,9,120,0,2|15|6|3|7|3|12|8|29|80,ag_full_true_sac_marginsel,14.146,53,B,improving,improving,0,0,medium
271,39.6034,16.7321,54.0999,0.010402260710810879,60.5363,194.0337,75.6376,0.0002818203647620976,12.49606,Yes,Yes,Yes,Yes,Yes,120,18,120,0,1|10|2|2|0|8|8|7|15|96,ag_full_true_sac_marginsel,14.488,28,A,improving,improving,0,0,medium
272,37.7348,17.1565,51.2258,0.008242953860887612,74.7637,66.086,92.4039,0.0001381731271976605,5.620351,Yes,Yes,Yes,Yes,Yes,120,9,120,0,6|12|6|2|3|8|11|16|0|65,ag_full_true_sac_marginsel,13.032,76,A,improving,improving,0,0,medium
273,40.6919,16.6866,51.2517,0.010123511331973775,62.518,117.6847,84.9024,0.00018503090541344136,8.227316,Yes,Yes,Yes,Yes,Yes,120,9,120,0,3|11|6|2|5|4|12|8|6|36,ag_full_true_sac_marginsel,14.759,38,A,improving,improving,0,0,medium
274,39.7369,18.493,51.7088,0.012052168921139604,46.669,194.1914,70.1373,0.0002891604381147772,11.007628,Yes,Yes,Yes,Yes,Yes,120,20,120,0,1|8|7|4|16|6|10|7|22|35,ag_full_true_sac_marginsel,14.39,47,A,improving,improving,0,0,medium
275,40.6386,18.9548,53.3293,0.011496391282299692,51.086,193.2412,69.8342,0.00027150538517162204,10.737778,Yes,Yes,Yes,Yes,Yes,120,12,120,0,1|8|6|4|15|4|0|15|23|55,ag_full_true_sac_marginsel,13.472,28,B,improving,improving,0,0,medium
276,40.906,19.7979,53.2729,0.010986019340377523,57.5053,230.1985,73.5854,0.0003450635413173586,12.383072,Yes,Yes,Yes,Yes,Yes,120,19,120,0,1|7|2|2|13|6|11|14|16|85,ag_full_true_sac_marginsel,14.475,29,B,improving,improving,0,0,medium
277,35.0472,19.5215,51.2012,0.009095228751673299,41.5593,256.2784,65.0182,0.00038852024590596557,13.540938,Yes,Yes,Yes,Yes,Yes,120,7,120,0,0|5|5|3|16|2|0|11|17|47,ag_full_true_sac_marginsel,13.688,38,A,improving,improving,0,0,medium
278,40.2504,19.7222,53.845,0.009775723853215788,55.1758,270.5119,60.7163,0.0003727365401573479,14.176436,Yes,Yes,Yes,Yes,Yes,120,2,120,0,1|7|5|2|15|6|11|17|33|98,ag_full_true_sac_marginsel,13.816,29,B,passed,improving,0,0,medium
279,33.0447,17.0969,52.6691,0.010272778410496423,54.4321,153.539,88.4031,0.00022748051560483873,10.284063,Yes,Yes,Yes,Yes,Yes,120,7,120,0,2|5|6|2|17|5|10|15|31|92,ag_full_true_sac_marginsel,13.48,70,A,improving,improving,0,0,medium
280,40.7777,16.9853,52.9362,0.0084830169063836,51.0044,234.7146,60.7713,0.00031515388400293887,14.180304,Yes,Yes,Yes,Yes,Yes,120,4,120,0,1|15|5|3|6|1|6|8|8|96,ag_full_true_sac_marginsel,13.331,38,A,improving,passed,0,0,medium
281,39.7844,18.0153,50.8699,0.009423228222740878,56.2641,165.9765,72.1705,0.0002604017499834299,10.018395,Yes,Yes,Yes,Yes,Yes,120,10,120,0,1|13|2|4|4|4|8|2|7|98,ag_full_true_sac_marginsel,13.651,48,A,improving,improving,0,0,medium
282,37.03,17.3302,54.4374,0.009957869168452812,59.8302,156.3653,69.8973,0.00020233636314515024,9.902084,Yes,Yes,Yes,Yes,Yes,120,26,120,0,2|10|7|4|11|3|4|11|5|74,ag_full_true_sac_marginsel,15.246,37,A,improving,stalled,0,0,medium
283,37.0126,13.9285,51.7342,0.00980261284034182,44.3162,236.2245,58.8937,0.00027425892767496407,17.267488,Yes,Yes,Yes,Yes,Yes,120,3,120,0,1|6|3|3|14|6|11|9|17|93,ag_full_true_sac_marginsel,13.63,39,B,passed,improving,0,0,medium
284,35.9285,21.0754,52.338,0.011770107101590472,68.1087,71.2093,107.5889,0.0001906686375150457,5.313908,Yes,Yes,Yes,Yes,Yes,120,13,120,0,0|0|5|1|11|2|0|4|38|82,ag_full_true_sac_marginsel,14.457,25,A,improving,stalled,0,0,medium
285,39.9964,19.4631,50.9604,0.01018688406534737,49.69,212.3103,70.1529,0.000287239090539515,11.499143,Yes,Yes,Yes,Yes,Yes,120,23,120,0,2|15|8|2|8|1|10|15|0|92,ag_full_true_sac_marginsel,14.269,33,A,improving,improving,0,0,medium
286,39.7424,15.0602,51.3809,0.009699115070338438,50.4663,239.0822,59.0553,0.00029747624648734927,16.263588,Yes,Yes,Yes,Yes,Yes,120,3,120,0,2|17|7|4|15|0|12|13|4|39,ag_full_true_sac_marginsel,12.974,54,B,passed,improving,0,0,medium
287,37.5733,21.3825,53.523,0.009003236119669663,43.75,344.5936,63.0577,0.0005682881455868483,16.395128,Yes,Yes,Yes,Yes,Yes,120,7,120,0,0|6|2|1|8|5|8|15|4|78,ag_full_true_sac_marginsel,13.918,29,A,improving,improving,0,0,medium
288,40.2113,20.6627,52.7099,0.011548954102829304,58.4857,222.8591,67.1479,0.000300274055916816,11.487967,Yes,Yes,Yes,Yes,Yes,120,20,120,0,2|14|2|3|11|5|12|17|15|70,ag_full_true_sac_marginsel,13.962,41,A,improving,improving,0,0,medium
289,38.8485,15.3022,53.9792,0.01040950208235524,45.4096,224.4884,61.9372,0.0002736463211476803,14.960346,Yes,Yes,Yes,Yes,Yes,120,8,120,0,2|16|4|3|5|5|8|17|7|39,ag_full_true_sac_marginsel,14.023,38,A,improving,improving,0,0,medium
290,37.502,20.0943,50.9626,0.008926147181158525,52.5233,217.2206,65.1114,0.000240304070757702,11.46132,Yes,Yes,Yes,Yes,Yes,120,7,120,0,1|4|6|2|11|6|2|14|28|97,ag_full_true_sac_marginsel,13.379,59,A,improving,improving,0,0,medium
291,34.679,17.1614,52.2407,0.008073576056466034,44.6956,226.4311,68.6438,0.0003222385421395302,13.757122,Yes,Yes,Yes,Yes,Yes,120,4,120,0,0|5|5|3|12|0|5|2|38|81,ag_full_true_sac_marginsel,13.468,41,A,improving,passed,0,0,medium
292,36.1072,16.8177,53.989,0.01154100895231861,39.0143,308.4712,54.9677,0.0005374521133489907,18.394079,Yes,Yes,Yes,Yes,Yes,120,2,120,0,0|13|4|3|2|8|9|5|20|91,ag_full_true_sac_marginsel,12.448,40,A,passed,passed,0,0,medium
293,36.6571,17.2769,51.4917,0.00789013944011562,55.7768,235.7986,66.806,0.0003384664887562394,14.424268,Yes,Yes,Yes,Yes,Yes,120,2,120,0,1|17|1|3|3|6|2|16|32|36,ag_full_true_sac_marginsel,13.237,66,B,passed,improving,0,0,medium
294,37.2092,15.5886,52.4095,0.007847986878602956,54.6828,152.3597,74.5344,0.0002146028127754107,10.638218,Yes,Yes,Yes,Yes,Yes,120,6,120,0,3|17|8|3|3|6|11|10|36|0,ag_full_true_sac_marginsel,13.308,70,A,improving,passed,0,0,medium
295,33.7372,18.713,53.275,0.011266256825657024,75.142,63.4944,102.682,0.00015941968013066798,5.533584,Yes,Yes,Yes,Yes,Yes,120,7,120,0,3|5|6|2|15|3|12|8|7|93,ag_full_true_sac_marginsel,14.115,52,A,improving,improving,0,0,medium
296,34.1742,20.0911,51.6362,0.011001708059336705,38.2368,281.3383,61.9256,0.0005402961396612227,14.272151,Yes,Yes,Yes,Yes,Yes,120,14,120,0,0|15|2|4|13|2|11|4|32|17,ag_full_true_sac_marginsel,13.36,44,B,improving,improving,0,0,medium
297,37.4655,13.6642,52.0606,0.01077024973469311,44.2718,179.393,70.7997,0.00026122629060409963,13.646016,Yes,Yes,Yes,Yes,Yes,120,5,120,0,1|11|7|4|3|8|6|5|31|91,ag_full_true_sac_marginsel,12.788,80,A,improving,passed,0,0,medium
298,38.9986,17.6652,54.105,0.011493482846249977,46.5218,197.0262,67.0845,0.00044882638030685484,11.547136,Yes,Yes,Yes,Yes,Yes,120,7,120,0,0|8|7|1|5|0|0|12|14|25,ag_full_true_sac_marginsel,14.607,24,A,improving,improving,0,0,medium
299,37.0748,19.2072,53.873,0.01193736917359295,45.7798,257.9992,67.7112,0.00037536880699917674,13.892639,Yes,Yes,Yes,Yes,Yes,120,4,120,0,1|11|8|1|5|2|11|15|28|74,ag_full_true_sac_marginsel,14.192,42,A,improving,passed,0,0,medium
300,35.052,16.2057,53.7686,0.008906532349827885,42.4504,285.0391,62.3356,0.0004558381624519825,17.90799,Yes,Yes,Yes,Yes,Yes,120,17,120,0,0|4|6|2|15|6|9|7|3|81,ag_full_true_sac_marginsel,14.264,21,A,improving,improving,0,0,medium
301,33.2252,16.4734,53.0821,0.009912764748279804,65.0044,230.8237,57.7891,0.0002429494052194059,15.032547,Yes,Yes,Yes,Yes,Yes,120,3,120,0,2|10|8|2|5|6|5|17|1|97,ag_full_true_sac_marginsel,12.899,76,B,passed,improving,0,0,medium
302,35.3868,15.8725,51.5083,0.00848379409664362,46.1645,232.4814,68.3152,0.00033440953120589256,15.238239,Yes,Yes,Yes,Yes,Yes,120,2,120,0,1|12|4|3|8|5|12|7|12|43,ag_full_true_sac_marginsel,12.256,84,A,passed,passed,0,0,medium
303,41.8393,18.5497,53.2228,0.009573803404615246,57.1684,175.4,72.1708,0.00023024769325274974,10.154048,Yes,Yes,Yes,Yes,Yes,120,7,120,0,2|12|6|3|10|1|4|14|0|98,ag_full_true_sac_marginsel,14.439,39,A,improving,improving,0,0,medium
304,37.2106,16.9214,50.7316,0.008886967642759981,49.2618,241.0142,67.8432,0.0003728205629158765,14.862368,Yes,Yes,Yes,Yes,Yes,120,3,120,0,1|16|2|3|5|6|6|15|33|57,ag_full_true_sac_marginsel,13.878,54,B,passed,improving,0,0,medium
305,34.9409,14.9111,51.7759,0.011159378977980888,54.4483,242.9234,63.2617,0.0003474233380984515,17.040448,Yes,Yes,Yes,Yes,Yes,120,6,120,0,1|16|2|3|1|8|10|8|9|83,ag_full_true_sac_marginsel,14.324,40,A,improving,passed,0,0,medium
306,37.3635,21.8506,53.041,0.011459744305438124,62.4731,266.981,76.4367,0.00044015367166139185,13.293165,Yes,Yes,Yes,Yes,Yes,120,13,120,0,0|1|7|0|9|4|11|7|30|66,ag_full_true_sac_marginsel,14.125,24,A,improving,improving,0,0,medium
307,34.3935,19.7551,53.5769,0.008975110230247262,45.0146,183.5602,69.9351,0.0002683562343008816,9.876017,Yes,Yes,Yes,Yes,Yes,120,11,120,0,1|12|6|4|5|5|5|6|9|8,ag_full_true_sac_marginsel,13.295,51,A,improving,stalled,0,0,medium
308,39.3211,19.7901,51.7335,0.008032763616039726,54.8997,199.4772,65.8503,0.00025450935936532915,10.717036,Yes,Yes,Yes,Yes,Yes,120,3,120,0,1|8|7|4|16|0|11|2|32|52,ag_full_true_sac_marginsel,13.105,51,A,passed,stalled,0,0,medium
309,33.5932,18.2773,52.9624,0.008620772419276838,43.6567,248.031,63.3987,0.0003473990364000201,14.026797,Yes,Yes,Yes,Yes,Yes,120,7,120,0,1|10|8|3|12|6|7|15|15|69,ag_full_true_sac_marginsel,13.066,45,A,improving,stalled,0,0,medium
310,37.5729,19.5195,53.2264,0.012506968736105047,49.3949,181.8028,63.6626,0.00022075480956118554,9.806957,Yes,Yes,Yes,Yes,Yes,120,4,120,0,3|16|3|4|11|3|10|16|34|92,ag_full_true_sac_marginsel,13.214,92,A,improving,passed,0,0,medium
311,40.0822,16.0332,53.959,0.009492604629939517,53.5574,174.7687,73.3147,0.00024552844115532935,11.569493,Yes,Yes,Yes,Yes,Yes,120,27,120,0,2|15|5|3|4|5|1|17|11|91,ag_full_true_sac_marginsel,14.403,37,A,improving,improving,0,0,medium
312,39.8834,18.1506,52.0971,0.007767310432553325,61.0578,124.2399,70.6532,0.00019211499602533877,7.707287,Yes,Yes,Yes,Yes,Yes,120,4,120,0,3|17|8|2|3|1|3|13|29|70,ag_full_true_sac_marginsel,14.06,42,A,improving,passed,0,0,medium
313,37.1503,14.9122,53.345,0.01184909538770627,46.0508,321.8388,60.7039,0.0004500314826145768,21.921844,Yes,Yes,Yes,Yes,Yes,120,4,120,0,0|2|2|1|15|6|2|17|5|77,ag_full_true_sac_marginsel,13.561,42,A,improving,passed,0,0,medium
314,34.4739,19.1139,51.3195,0.008749887387678078,55.0323,212.2047,88.733,0.00038849847624078393,12.383082,Yes,Yes,Yes,Yes,Yes,120,7,120,0,0|16|0|3|10|7|7|5|34|32,ag_full_true_sac_marginsel,13.745,54,A,improving,improving,0,0,medium
315,39.4246,17.907,54.3527,0.009422077143607656,51.3783,226.3876,66.6824,0.00032145698787644506,13.138364,Yes,Yes,Yes,Yes,Yes,120,13,120,0,1|14|3|3|7|2|2|14|26|0,ag_full_true_sac_marginsel,13.312,33,A,improving,improving,0,0,medium
316,41.1018,18.3411,53.7292,0.009188259159558511,48.108,280.0417,55.3496,0.0004056458128616214,15.425025,Yes,Yes,Yes,Yes,Yes,120,9,120,0,1|14|3|4|13|7|10|16|2|95,ag_full_true_sac_marginsel,13.207,35,A,improving,improving,0,0,medium
317,37.2739,17.4881,50.8652,0.011808840048694915,39.9195,286.7547,63.3191,0.0005343552329577506,16.667693,Yes,Yes,Yes,Yes,Yes,120,4,120,0,0|12|2|3|6|8|9|7|23|32,ag_full_true_sac_marginsel,13.362,38,A,improving,passed,0,0,medium
318,38.8944,19.2364,53.9125,0.011858197936573894,51.2893,243.5556,68.5387,0.0003567066742107272,13.221059,Yes,Yes,Yes,Yes,Yes,120,22,120,0,1|7|6|2|15|5|9|17|30|55,ag_full_true_sac_marginsel,14.411,31,A,improving,improving,0,0,medium
319,35.2467,20.1779,50.8938,0.010179403738133664,39.8044,192.7724,77.0257,0.0003683546092361212,10.160219,Yes,Yes,Yes,Yes,Yes,120,13,120,0,1|11|3|4|17|8|7|17|9|22,ag_full_true_sac_marginsel,13.306,22,A,improving,improving,0,0,medium
320,35.8396,22.357,52.9315,0.009758526661659796,53.1001,241.2394,63.408,0.0003098279994446784,11.438097,Yes,Yes,Yes,Yes,Yes,120,18,120,0,1|11|4|3|11|1|5|12|5|75,ag_full_true_sac_marginsel,14.325,29,A,improving,improving,0,0,medium
321,39.2895,14.8387,51.2059,0.010774993694828074,56.8386,169.587,66.2219,0.0002284267684444785,12.147437,Yes,Yes,Yes,Yes,Yes,120,12,120,0,2|16|7|3|5|1|2|12|16|9,ag_full_true_sac_marginsel,13.436,58,A,improving,improving,0,0,medium
322,37.7211,18.8896,50.4214,0.010051938698833527,55.4005,254.3168,57.0419,0.00029515119967982173,14.033936,Yes,Yes,Yes,Yes,Yes,120,18,120,0,1|10|6|3|9|3|8|8|10|98,ag_full_true_sac_marginsel,13.408,44,A,improving,stalled,0,0,medium
323,41.9734,19.7877,52.6624,0.009545428689318375,51.9795,287.2962,57.0747,0.0004059251514263451,14.798605,Yes,Yes,Yes,Yes,Yes,120,11,120,0,1|16|2|3|11|2|8|17|14|63,ag_full_true_sac_marginsel,14.289,25,B,improving,improving,0,0,medium
324,36.6635,13.6151,52.7341,0.011113990124608569,63.0972,104.6027,97.958,0.00026392831932753325,9.237659,Yes,Yes,Yes,Yes,Yes,120,7,120,0,2|13|1|1|0|6|10|14|33|12,ag_full_true_sac_marginsel,14.034,51,A,improving,improving,0,0,medium
325,34.0654,16.5994,51.4187,0.00890955767531769,35.9951,280.4972,54.367,0.0005140877328813076,16.95431,Yes,Yes,Yes,Yes,Yes,120,12,120,0,0|15|7|4|5|3|8|2|15|34,ag_full_true_sac_marginsel,13.723,25,A,improving,improving,0,0,medium
326,37.6157,13.6213,53.0693,0.011022236519722383,44.2533,251.7898,66.451,0.00038736063288524747,18.878541,Yes,Yes,Yes,Yes,Yes,120,3,120,0,1|15|3|3|10|3|12|11|12|22,ag_full_true_sac_marginsel,12.966,38,B,passed,improving,0,0,medium
327,37.0765,13.9352,51.7797,0.01127645532728595,69.4611,173.3715,68.0673,0.00020307528029661626,13.611245,Yes,Yes,Yes,Yes,Yes,120,13,120,0,3|9|5|3|14|6|12|14|31|95,ag_full_true_sac_marginsel,13.254,73,A,improving,improving,0,0,medium
328,33.0874,17.4638,51.6967,0.01082297033206112,57.1661,216.5499,74.5619,0.0003039704461116344,13.541893,Yes,Yes,Yes,Yes,Yes,120,3,120,0,1|7|3|2|7|8|8|12|8|68,ag_full_true_sac_marginsel,14.004,50,A,passed,stalled,0,0,medium
329,35.8739,18.9452,53.0837,0.012601988995111377,50.6981,251.9707,78.0113,0.0005204424960538745,14.141524,Yes,Yes,Yes,Yes,Yes,120,4,120,0,0|2|7|0|6|6|8|14|29|47,ag_full_true_sac_marginsel,13.239,40,A,improving,passed,0,0,medium
330,36.9789,18.938,50.8657,0.01182929344562319,52.9491,229.2505,65.7332,0.0002973509836010635,12.804317,Yes,Yes,Yes,Yes,Yes,120,5,120,0,2|15|5|3|6|8|10|17|0|36,ag_full_true_sac_marginsel,13.733,42,A,improving,passed,0,0,medium
331,35.4108,16.5036,52.4738,0.007671140589693511,50.9353,274.9862,57.4201,0.0003120123874396086,17.154243,Yes,Yes,Yes,Yes,Yes,120,4,120,0,1|8|3|2|9|4|11|10|0|37,ag_full_true_sac_marginsel,13.128,60,A,improving,passed,0,0,medium
332,38.1061,20.4899,52.8326,0.0077185872594989985,47.4222,203.6639,61.5775,0.00022902774799149483,10.320029,Yes,Yes,Yes,Yes,Yes,120,8,120,0,2|11|6|3|8|4|7|14|16|63,ag_full_true_sac_marginsel,14.476,34,A,improving,stalled,0,0,medium
333,37.2279,19.5841,50.7312,0.008763824174090018,49.2207,290.2851,55.8806,0.00040046017966233194,15.200436,Yes,Yes,Yes,Yes,Yes,120,14,120,0,1|17|3|3|3|8|11|12|2|33,ag_full_true_sac_marginsel,13.596,51,A,improving,improving,0,0,medium
334,39.591,18.6259,52.9212,0.012609420344627217,50.0184,218.4272,62.553,0.0002755650784820318,12.150593,Yes,Yes,Yes,Yes,Yes,120,9,120,0,2|16|8|4|9|5|10|12|26|98,ag_full_true_sac_marginsel,13.324,49,A,improving,improving,0,0,medium
335,38.3344,19.1381,54.5688,0.00988461385048432,53.2629,252.6627,87.9319,0.0006126576336100698,14.140949,Yes,Yes,Yes,Yes,Yes,120,6,120,0,0|2|2|0|16|0|12|16|12|17,ag_full_true_sac_marginsel,13.443,33,A,improving,passed,0,0,medium
336,33.9453,19.8515,53.3382,0.008772477639916433,51.8987,301.5715,62.049,0.0004973816685378551,15.8269,Yes,Yes,Yes,Yes,Yes,120,5,120,0,0|8|1|2|15|0|11|6|31|79,ag_full_true_sac_marginsel,13.205,49,A,improving,passed,0,0,medium
337,35.5286,22.2847,52.7675,0.009308943586856473,66.5308,155.1023,79.4546,0.0002870145544875413,8.307541,Yes,Yes,Yes,Yes,Yes,120,2,120,0,2|17|3|1|1|3|11|13|38|82,ag_full_true_sac_marginsel,13.615,46,B,passed,improving,0,0,medium
338,41.691,17.5149,52.0041,0.01155544962458544,66.7056,86.8443,81.5056,0.00014857940550427884,6.112756,Yes,Yes,Yes,Yes,Yes,120,11,120,0,5|16|3|4|10|2|6|15|31|53,ag_full_true_sac_marginsel,13.972,57,A,improving,improving,0,0,medium
339,34.7412,18.7315,54.2508,0.010663182668415391,43.1289,219.4144,62.9019,0.00030207395320758224,12.086219,Yes,Yes,Yes,Yes,Yes,120,11,120,0,1|14|8|4|9|1|6|7|38|64,ag_full_true_sac_marginsel,12.927,46,A,improving,improving,0,0,medium
340,35.0888,14.8427,51.3729,0.009179188426176871,58.3503,273.6402,54.1794,0.00034936299198307097,19.115487,Yes,Yes,Yes,Yes,Yes,120,2,120,0,1|15|2|3|7|3|4|15|31|69,ag_full_true_sac_marginsel,12.45,64,A,passed,passed,0,0,medium
341,36.6137,20.0883,50.7574,0.011244018753376524,39.9689,289.2056,57.9969,0.0003409037890378386,14.600702,Yes,Yes,Yes,Yes,Yes,120,4,120,0,1|10|7|2|10|1|12|13|34|11,ag_full_true_sac_marginsel,14.152,31,A,improving,passed,0,0,medium
342,36.4354,19.0268,51.1457,0.012207549476796527,52.4237,230.9084,76.1164,0.00034881537430919707,13.03445,Yes,Yes,Yes,Yes,Yes,120,27,120,0,1|6|7|1|12|2|9|17|10|88,ag_full_true_sac_marginsel,14.287,37,A,improving,stalled,0,0,medium
343,40.2302,20.0431,51.0771,0.01112804346552632,60.4543,130.1416,75.9704,0.00018578843446448445,7.466461,Yes,Yes,Yes,Yes,Yes,120,8,120,0,2|8|8|4|13|3|9|5|4|61,ag_full_true_sac_marginsel,14.113,21,A,improving,improving,0,0,medium
344,38.7244,13.284,52.4685,0.010723669662101636,56.4464,111.2483,76.064,0.0001782452018233016,9.265369,Yes,Yes,Yes,Yes,Yes,120,14,120,0,2|11|6|4|5|4|6|4|38|81,ag_full_true_sac_marginsel,14.279,45,A,improving,stalled,0,0,medium
345,39.2721,18.5488,52.8978,0.012756702960112182,43.3763,295.56,56.4571,0.0004192730993963778,16.073136,Yes,Yes,Yes,Yes,Yes,120,7,120,0,0|7|7|2|8|1|10|1|18|19,ag_full_true_sac_marginsel,13.798,30,A,improving,improving,0,0,medium
346,39.5094,13.4353,52.277,0.009947337741871709,50.5764,216.797,69.7478,0.0002837281790561974,16.722217,Yes,Yes,Yes,Yes,Yes,120,7,120,0,1|7|1|3|15|4|12|7|7|61,ag_full_true_sac_marginsel,12.713,59,A,improving,improving,0,0,medium
347,33.7575,18.1954,53.6432,0.008787006390055249,49.0591,293.1623,60.8712,0.0004199052054900676,16.6521,Yes,Yes,Yes,Yes,Yes,120,2,120,0,1|13|7|1|7|0|12|17|16|81,ag_full_true_sac_marginsel,12.502,75,A,passed,passed,0,0,medium
348,38.4168,15.5754,51.7152,0.01237781852463018,48.5394,263.764,67.8854,0.0003437995328567922,17.483098,Yes,Yes,Yes,Yes,Yes,120,13,120,0,1|6|7|1|6|7|11|16|12|42,ag_full_true_sac_marginsel,13.992,38,A,improving,improving,0,0,medium
349,36.4743,18.8488,50.984,0.012091641498969559,45.2959,226.0522,63.6808,0.0002829355653375387,12.460409,Yes,Yes,Yes,Yes,Yes,120,9,120,0,1|11|7|2|3|3|6|9|20|93,ag_full_true_sac_marginsel,13.282,55,A,improving,improving,0,0,medium
350,39.3937,17.4429,53.2751,0.0075938835882648804,56.3956,154.4319,69.3219,0.0002109967899741605,9.558569,Yes,Yes,Yes,Yes,Yes,120,7,120,0,2|15|2|4|5|3|11|2|5|0,ag_full_true_sac_marginsel,14.757,32,A,improving,improving,0,0,medium
351,42.0882,16.7789,52.1607,0.009020827599694817,58.6153,163.0083,73.2088,0.00021250711870379746,10.487748,Yes,Yes,Yes,Yes,Yes,120,11,120,0,1|6|8|3|8|4|5|5|9|19,ag_full_true_sac_marginsel,14.083,36,A,improving,stalled,0,0,medium
352,34.8646,21.0628,52.9978,0.011773439660541899,42.805,235.8002,55.786,0.00027868914185091853,11.451775,Yes,Yes,Yes,Yes,Yes,120,4,120,0,1|13|7|3|2|4|8|5|30|2,ag_full_true_sac_marginsel,13.25,51,A,improving,passed,0,0,medium
353,37.4803,19.1152,52.0985,0.012921625300433627,46.9615,200.2546,67.042,0.0003081618342548609,10.992156,Yes,Yes,Yes,Yes,Yes,120,2,120,0,1|15|5|2|2|2|12|2|31|31,ag_full_true_sac_marginsel,12.058,47,A,passed,passed,0,0,medium
354,34.3302,20.4763,53.6852,0.009125408124763668,45.9628,286.1244,55.7065,0.0003847820917144418,14.307749,Yes,Yes,Yes,Yes,Yes,120,14,120,0,1|15|8|2|8|0|5|17|20|15,ag_full_true_sac_marginsel,13.32,45,A,improving,improving,0,0,medium
355,41.9287,19.9211,53.3268,0.010131492714665683,62.3634,189.1798,61.4999,0.00022812170209363103,10.114554,Yes,Yes,Yes,Yes,Yes,120,30,120,0,3|13|5|4|12|8|11|17|8|78,ag_full_true_sac_marginsel,14.198,31,A,improving,improving,0,0,medium
356,36.7355,17.284,53.0891,0.01288987456260747,51.9831,225.7238,75.459,0.00026966037694364786,13.875193,Yes,Yes,Yes,Yes,Yes,120,9,120,0,0|1|7|1|13|0|5|3|37|15,ag_full_true_sac_marginsel,13.38,43,A,improving,improving,0,0,medium
357,38.114,15.0018,53.6964,0.0118646008114847,43.9697,263.6852,59.5824,0.0003519809397403151,17.810481,Yes,Yes,Yes,Yes,Yes,120,7,120,0,1|14|7|3|11|0|11|8|8|11,ag_full_true_sac_marginsel,13.298,45,A,improving,improving,0,0,medium
358,39.9778,20.7409,52.0605,0.00811092618730829,47.1521,221.479,67.4341,0.00029714489937759936,11.116469,Yes,Yes,Yes,Yes,Yes,120,6,120,0,1|9|8|3|8|7|10|7|27|73,ag_full_true_sac_marginsel,13.387,45,A,improving,passed,0,0,medium
359,35.0589,13.533,52.7855,0.009967265545362907,59.1366,114.75,84.3064,0.00019530048302840441,9.743622,Yes,Yes,Yes,Yes,Yes,120,5,120,0,2|10|4|2|6|1|10|4|31|5,ag_full_true_sac_marginsel,13.577,64,A,improving,passed,0,0,medium
360,36.8243,13.5906,51.679,0.011073774596166942,53.4972,244.0814,68.4118,0.0003477389400359243,18.704688,Yes,Yes,Yes,Yes,Yes,120,17,120,0,1|7|5|2|12|7|10|15|26|98,ag_full_true_sac_marginsel,14.219,35,A,improving,improving,0,0,medium
361,35.8623,18.8631,51.0314,0.012105469939208316,54.1903,182.737,79.3451,0.0002664096828084439,10.731413,Yes,Yes,Yes,Yes,Yes,120,7,120,0,2|10|7|2|13|1|10|16|14|73,ag_full_true_sac_marginsel,13.206,70,A,improving,improving,0,0,medium
362,37.228,18.5321,54.3825,0.011720173622125487,62.7997,212.0175,64.9307,0.00026481234817765653,12.298805,Yes,Yes,Yes,Yes,Yes,120,3,120,0,2|15|2|3|5|6|11|11|5|98,ag_full_true_sac_marginsel,13.939,35,B,passed,improving,0,0,medium
363,35.701,14.6182,51.6812,0.01179277628234828,48.9037,216.5016,68.3846,0.0002881980617530644,15.478971,Yes,Yes,Yes,Yes,Yes,120,8,120,0,1|9|7|3|12|2|6|10|19|64,ag_full_true_sac_marginsel,13.112,30,A,improving,improving,0,0,medium
364,37.1351,16.6687,54.6803,0.009875972013445037,56.8859,208.7282,61.6528,0.00025159152573905885,13.156071,Yes,Yes,Yes,Yes,Yes,120,4,120,0,2|16|7|3|5|3|5|13|0|84,ag_full_true_sac_marginsel,13.437,55,A,improving,passed,0,0,medium
365,41.6568,18.1593,53.8831,0.010465395856543054,57.3595,140.4528,73.9914,0.00017410317377652973,8.467969,Yes,Yes,Yes,Yes,Yes,120,6,120,0,3|11|6|3|7|4|1|17|10|16,ag_full_true_sac_marginsel,13.478,60,A,improving,passed,0,0,medium
366,40.8076,15.5822,51.2432,0.010993264757818562,73.6151,111.9707,73.7911,0.00014796337927691638,8.416317,Yes,Yes,Yes,Yes,Yes,120,4,120,0,6|16|7|4|8|7|10|17|3|1,ag_full_true_sac_marginsel,13.945,83,A,improving,passed,0,0,medium
367,39.9842,18.0983,51.1145,0.008166190260464985,56.2537,158.6327,72.9504,0.00021876370010431856,9.572372,Yes,Yes,Yes,Yes,Yes,120,11,120,0,2|12|6|4|8|5|2|14|9|23,ag_full_true_sac_marginsel,14.373,29,B,improving,improving,0,0,medium
368,34.5024,14.3933,52.5986,0.011436826763112045,43.6701,254.7188,57.9162,0.00033762044040486217,18.034316,Yes,Yes,Yes,Yes,Yes,120,27,120,0,1|12|8|4|11|6|6|13|20|67,ag_full_true_sac_marginsel,13.69,35,A,improving,improving,0,0,medium
369,37.4685,12.8459,52.3081,0.00988382827422548,49.7528,255.2082,69.3165,0.0004015076265204698,20.479221,Yes,Yes,Yes,Yes,Yes,120,12,120,0,1|14|2|2|8|3|12|14|35|28,ag_full_true_sac_marginsel,14.004,45,A,improving,improving,0,0,medium
370,41.1209,15.5547,52.2108,0.011767118952207327,57.9306,253.0946,70.1106,0.0003824600426014513,16.990428,Yes,Yes,Yes,Yes,Yes,120,12,120,0,1|12|1|2|11|2|11|15|34|70,ag_full_true_sac_marginsel,13.667,50,A,improving,improving,0,0,medium
371,40.5079,21.6579,52.8283,0.011347706769256291,56.2476,156.0662,78.456,0.00023037382925394922,8.059327,Yes,Yes,Yes,Yes,Yes,120,13,120,0,3|17|4|3|6|5|11|14|23|42,ag_full_true_sac_marginsel,14.015,40,B,improving,improving,0,0,medium
372,39.6076,15.8687,53.52,0.007994761392589486,54.4295,244.2504,67.1482,0.0003200031351298094,15.980828,Yes,Yes,Yes,Yes,Yes,120,10,120,0,1|9|4|2|11|1|4|16|23|70,ag_full_true_sac_marginsel,13.636,46,A,improving,improving,0,0,medium
373,39.946,19.2934,50.5325,0.010004404754307314,49.347,261.9781,55.0451,0.0003291746834293008,13.870386,Yes,Yes,Yes,Yes,Yes,120,4,120,0,1|16|3|3|4|3|11|5|6|35,ag_full_true_sac_marginsel,13.162,51,A,improving,passed,0,0,medium
374,35.5262,14.6992,52.0195,0.008119871842884716,47.0894,205.4071,66.8832,0.0002582180895842612,14.553422,Yes,Yes,Yes,Yes,Yes,120,2,120,0,2|10|3|3|16|2|12|16|27|62,ag_full_true_sac_marginsel,13.162,68,B,passed,improving,0,0,medium
375,38.4533,14.7005,53.4011,0.008126103285520783,44.9077,309.149,55.9009,0.0004268063057679683,21.191903,Yes,Yes,Yes,Yes,Yes,120,2,120,0,1|13|6|2|8|5|12|17|10|85,ag_full_true_sac_marginsel,12.706,51,B,passed,improving,0,0,medium
376,35.5956,15.9595,54.4099,0.010728361366224053,51.3476,272.6995,61.1931,0.00037350377533584833,17.619328,Yes,Yes,Yes,Yes,Yes,120,4,120,0,1|12|8|1|0|6|7|17|8|4,ag_full_true_sac_marginsel,13.186,56,A,improving,passed,0,0,medium
377,36.974,19.2035,50.2566,0.010039384423660971,42.4693,259.9072,63.0545,0.0004256668617017567,13.895258,Yes,Yes,Yes,Yes,Yes,120,2,120,0,0|14|2|3|4|2|6|3|24|77,ag_full_true_sac_marginsel,12.915,49,A,passed,passed,0,0,medium
378,42.7079,18.3352,52.5759,0.010908440534612329,56.9734,145.5413,77.4116,0.0002177664136979729,8.724253,Yes,Yes,Yes,Yes,Yes,120,8,120,0,3|16|4|4|11|3|10|13|21|0,ag_full_true_sac_marginsel,14.752,31,A,improving,stalled,0,0,medium
379,39.254,14.1998,51.0879,0.01033299070903271,63.6738,152.3438,82.8734,0.00023738440359011292,11.949904,Yes,Yes,Yes,Yes,Yes,120,8,120,0,2|15|1|3|6|3|7|11|21|68,ag_full_true_sac_marginsel,13.851,54,B,improving,improving,0,0,medium
380,35.9246,20.8087,52.2023,0.007688316044962862,57.6931,234.2741,65.2969,0.0002866820141207427,12.077988,Yes,Yes,Yes,Yes,Yes,120,11,120,0,2|13|5|2|4|7|10|17|29|48,ag_full_true_sac_marginsel,12.756,66,A,improving,improving,0,0,medium
381,35.2332,13.2249,52.3206,0.00990948507227071,57.8141,171.0073,81.6579,0.0002689235843718052,14.105162,Yes,Yes,Yes,Yes,Yes,120,13,120,0,1|7|2|3|14|3|4|12|14|70,ag_full_true_sac_marginsel,14.714,42,A,improving,improving,0,0,medium
382,36.1204,21.4064,54.1695,0.009786705390345578,44.9367,258.1532,66.7988,0.0004249548655934632,12.493417,Yes,Yes,Yes,Yes,Yes,120,6,120,0,1|17|3|2|1|8|12|14|27|51,ag_full_true_sac_marginsel,13.535,73,A,improving,passed,0,0,medium
383,32.4604,19.4156,53.0619,0.010513201895431958,44.6872,233.9253,67.9514,0.0003364767471794039,12.673567,Yes,Yes,Yes,Yes,Yes,120,10,120,0,1|11|5|3|11|4|6|14|6|37,ag_full_true_sac_marginsel,13.078,42,A,improving,improving,0,0,medium
384,39.4885,15.7075,54.2442,0.009000347648339962,56.7969,166.1903,70.874,0.0002226910728495568,11.300492,Yes,Yes,Yes,Yes,Yes,120,4,120,0,3|17|6|4|8|5|8|15|33|70,ag_full_true_sac_marginsel,13.92,63,A,improving,passed,0,0,medium
385,39.0995,14.5007,51.6489,0.011931330118871411,52.5475,255.8271,54.8517,0.00030243926448747516,18.022992,Yes,Yes,Yes,Yes,Yes,120,2,120,0,1|13|8|3|4|4|11|3|28|23,ag_full_true_sac_marginsel,12.396,48,A,passed,passed,0,0,medium
386,35.9402,22.8781,53.1071,0.00974501009613004,58.6816,149.6929,82.5769,0.00023098486417438835,7.707026,Yes,Yes,Yes,Yes,Yes,120,3,120,0,2|9|4|3|12|5|7|14|34|5,ag_full_true_sac_marginsel,14.047,42,B,passed,improving,0,0,medium
387,40.6275,17.4728,50.75,0.00905799546970801,52.5478,233.2807,58.8886,0.0002852433826774359,13.773344,Yes,Yes,Yes,Yes,Yes,120,16,120,0,1|12|6|4|6|5|11|2|19|15,ag_full_true_sac_marginsel,14.094,29,A,improving,improving,0,0,medium
388,39.134,19.139,50.5091,0.008885256485243286,59.7988,165.3954,57.8287,0.00017501579714007676,9.295083,Yes,Yes,Yes,Yes,Yes,120,12,120,0,5|17|7|4|7|8|12|17|7|13,ag_full_true_sac_marginsel,13.004,85,A,improving,improving,0,0,medium
389,35.5716,16.8231,50.5453,0.00892161274909015,47.6086,108.306,71.7664,0.00015752446779515594,7.178507,Yes,Yes,Yes,Yes,Yes,120,2,120,0,4|16|7|4|4|5|3|16|38|95,ag_full_true_sac_marginsel,13.632,70,B,passed,improving,0,0,medium
390,34.5064,21.0794,53.9248,0.009761085276794805,41.1113,268.6295,67.5904,0.00047270735376514494,13.140083,Yes,Yes,Yes,Yes,Yes,120,10,120,0,0|8|3|2|6|5|9|5|34|92,ag_full_true_sac_marginsel,13.854,44,A,improving,stalled,0,0,medium
391,36.0249,18.5115,51.1832,0.007658823974184955,55.7768,235.7986,66.806,0.0003384664887562394,13.54731,Yes,Yes,Yes,Yes,Yes,120,4,120,0,1|17|1|3|9|0|5|13|14|51,ag_full_true_sac_marginsel,13.195,80,A,improving,passed,0,0,medium
392,34.3148,15.9109,50.8108,0.010410587363519302,40.6222,238.5742,56.9573,0.0003075663698837161,15.269667,Yes,Yes,Yes,Yes,Yes,120,11,120,0,1|16|7|3|4|1|6|8|29|98,ag_full_true_sac_marginsel,13.744,37,A,improving,improving,0,0,medium
393,39.7963,13.1484,52.5339,0.009708468214785763,62.7869,196.3557,74.0804,0.00028419450973160565,15.892433,Yes,Yes,Yes,Yes,Yes,120,11,120,0,1|11|1|3|4|7|5|10|27|69,ag_full_true_sac_marginsel,14.018,27,A,improving,improving,0,0,medium
394,38.4692,17.9643,50.732,0.00807320900730533,56.875,170.8841,74.3174,0.00023654589313082397,10.426472,Yes,Yes,Yes,Yes,Yes,120,3,120,0,1|8|6|2|4|3|2|9|32|35,ag_full_true_sac_marginsel,13.673,51,A,passed,stalled,0,0,medium
395,37.5663,20.2523,50.3614,0.010540788116473767,54.6613,193.6452,66.9638,0.0002544022863730788,10.322217,Yes,Yes,Yes,Yes,Yes,120,3,120,0,2|12|8|4|13|5|8|14|29|97,ag_full_true_sac_marginsel,13.488,60,A,passed,stalled,0,0,medium
396,41.9286,17.4466,53.3778,0.008619341751986486,49.0432,207.834,70.0342,0.00028668902814388275,12.361047,Yes,Yes,Yes,Yes,Yes,120,14,120,0,2|16|8|2|6|2|11|13|3|18,ag_full_true_sac_marginsel,14.262,31,A,improving,improving,0,0,medium
397,37.2785,15.0783,50.6357,0.011089609880940123,41.4452,283.6072,55.5444,0.0004056027391925454,18.981082,Yes,Yes,Yes,Yes,Yes,120,4,120,0,1|17|5|4|8|7|8|15|5|33,ag_full_true_sac_marginsel,13.714,36,A,improving,passed,0,0,medium
398,35.062,16.9047,51.0293,0.00812570604523549,50.6707,259.3869,58.6417,0.00031913843122310936,15.899143,Yes,Yes,Yes,Yes,Yes,120,6,120,0,1|12|6|3|5|6|0|17|32|69,ag_full_true_sac_marginsel,13.697,47,A,improving,passed,0,0,medium
399,36.4811,13.8461,53.4494,0.011600471027827327,57.9321,175.2471,77.7186,0.00026023120153695345,13.676421,Yes,Yes,Yes,Yes,Yes,120,5,120,0,2|14|2|3|6|6|12|10|26|11,ag_full_true_sac_marginsel,13.264,57,A,improving,passed,0,0,medium
400,38.4231,18.6668,54.4453,0.008362479932212143,71.3954,50.4169,108.2305,0.00019119879289064556,4.524033,Yes,Yes,Yes,Yes,Yes,120,33,120,0,2|3|3|1|16|1|8|12|24|49,ag_full_true_sac_marginsel,14.651,30,A,improving,stalled,0,0,medium
401,37.3299,21.4077,54.1784,0.007609056999276,48.0911,264.7502,60.4263,0.0004169702297076583,12.71585,Yes,Yes,Yes,Yes,Yes,120,16,120,0,1|15|2|4|13|7|11|16|11|71,ag_full_true_sac_marginsel,14.392,36,A,improving,improving,0,0,medium
402,36.0647,24.0624,53.5006,0.010607590458309814,51.4674,152.0904,90.473,0.0003102909540757537,7.409563,Yes,Yes,Yes,Yes,Yes,120,4,120,0,1|11|1|3|12|2|8|10|8|33,ag_full_true_sac_marginsel,13.653,53,A,improving,passed,0,0,medium
403,34.9334,13.6042,53.9564,0.008416677191656804,48.994,186.6658,73.3511,0.00026362790958955884,14.451863,Yes,Yes,Yes,Yes,Yes,120,2,120,0,2|15|6|3|5|6|9|12|10|53,ag_full_true_sac_marginsel,13.012,93,B,passed,improving,0,0,medium
404,37.1608,18.6083,50.1846,0.012498472213765119,44.9733,306.4247,61.5339,0.0005189297371543944,16.861929,Yes,Yes,Yes,Yes,Yes,120,8,120,0,0|7|2|2|11|5|12|6|35|6,ag_full_true_sac_marginsel,13.28,37,B,improving,improving,0,0,medium
405,43.2416,14.599,52.7736,0.009252718589203237,55.729,187.2247,66.7374,0.0002274328435305506,13.353262,Yes,Yes,Yes,Yes,Yes,120,27,120,0,2|13|7|2|5|1|3|14|23|91,ag_full_true_sac_marginsel,13.818,28,A,improving,improving,0,0,medium
406,40.1412,18.2069,53.9935,0.01314187788101407,56.618,107.079,103.651,0.000265395559836179,7.191205,Yes,Yes,Yes,Yes,Yes,120,18,120,0,1|3|7|1|9|8|11|8|30|50,ag_full_true_sac_marginsel,14.264,34,A,improving,improving,0,0,medium
407,37.9374,20.4999,50.2161,0.012145291080133755,59.3307,137.4122,89.9287,0.00040963859646581113,8.024098,Yes,Yes,Yes,Yes,Yes,120,13,120,0,0|10|1|1|3|2|11|0|6|63,ag_full_true_sac_marginsel,13.618,31,A,improving,improving,0,0,medium
408,38.8999,21.908,50.5487,0.00834584721808725,48.5944,229.7343,84.6288,0.00045258476166054606,11.355508,Yes,Yes,Yes,Yes,Yes,120,4,120,0,0|3|2|1|13|4|2|15|34|26,ag_full_true_sac_marginsel,13.424,29,A,improving,passed,0,0,medium
409,38.4009,17.8978,53.2489,0.01388729397689787,65.0474,72.9206,91.7777,0.0001425111695425585,5.481473,Yes,Yes,Yes,Yes,Yes,120,3,120,0,4|9|6|2|7|3|6|13|27|93,ag_full_true_sac_marginsel,15.109,42,B,passed,improving,0,0,medium
410,31.4081,21.2647,52.5122,0.0097021506367119,51.0886,213.357,62.9517,0.00027298895292915404,10.830653,Yes,Yes,Yes,Yes,Yes,120,7,120,0,0|5|6|4|2|8|3|1|31|25,ag_full_true_sac_marginsel,13.598,41,B,improving,improving,0,0,medium
411,33.9979,19.1633,50.037,0.010973203534947346,53.3291,202.7011,75.2409,0.0002362027153139934,11.628332,Yes,Yes,Yes,Yes,Yes,120,4,120,0,0|1|3|2|15|2|6|0|38|64,ag_full_true_sac_marginsel,13.797,50,A,improving,passed,0,0,medium
412,31.986,18.1919,52.3113,0.012544977058200367,39.075,306.3234,58.3331,0.0005287863314151764,17.133037,Yes,Yes,Yes,Yes,Yes,120,3,120,0,0|10|3|3|10|5|5|11|29|75,ag_full_true_sac_marginsel,13.597,52,B,passed,improving,0,0,medium
413,36.6869,14.9309,51.5118,0.013377443764259412,52.8049,185.174,70.6372,0.00026390189304947853,13.192932,Yes,Yes,Yes,Yes,Yes,120,8,120,0,1|7|7|4|13|8|2|13|12|37,ag_full_true_sac_marginsel,14.001,46,A,improving,improving,0,0,medium
414,39.7026,16.4614,52.0838,0.006458777824568678,66.3914,210.7911,69.8858,0.00030206498922780156,13.772382,Yes,Yes,Yes,Yes,Yes,120,4,120,0,1|10|5|1|5|0|1|16|10|64,ag_full_true_sac_marginsel,14.026,38,A,improving,passed,0,0,medium
415,38.9028,11.8266,53.6635,0.010362759810263694,46.5972,220.4697,68.6712,0.0003053208056371659,19.089864,Yes,Yes,Yes,Yes,Yes,120,8,120,0,1|9|7|3|8|8|6|12|21|11,ag_full_true_sac_marginsel,14.03,49,A,improving,improving,0,0,medium
416,42.8051,15.6248,52.4022,0.012361037658631866,51.0523,207.0032,67.4738,0.0002691861300263554,13.70692,Yes,Yes,Yes,Yes,Yes,120,22,120,0,2|16|7|3|10|0|6|15|18|12,ag_full_true_sac_marginsel,14.571,30,B,improving,improving,0,0,medium
417,43.5478,14.5668,52.9872,0.010105741565146964,61.6053,171.4028,57.7757,0.00018243223894387484,12.253627,Yes,Yes,Yes,Yes,Yes,120,15,120,0,4|17|5|4|11|1|8|15|32|95,ag_full_true_sac_marginsel,13.526,64,A,improving,improving,0,0,medium
418,38.6334,15.2717,52.3461,0.006465893916169675,45.395,165.2508,64.2802,0.000183200987521559,11.195425,Yes,Yes,Yes,Yes,Yes,120,3,120,0,1|5|7|4|6|8|7|2|8|25,ag_full_true_sac_marginsel,14.03,32,B,passed,improving,0,0,medium
419,38.0673,19.8354,52.0908,0.006264147868047601,46.4865,283.7895,60.577,0.00039271058631129563,14.628637,Yes,Yes,Yes,Yes,Yes,120,12,120,0,1|13|5|2|7|4|9|16|38|12,ag_full_true_sac_marginsel,14.364,37,A,improving,stalled,0,0,medium
420,42.8887,19.9303,50.8039,0.00923467456224282,57.1661,216.5499,74.5619,0.0003039704461116344,11.632965,Yes,Yes,Yes,Yes,Yes,120,34,120,0,1|7|3|2|14|1|7|13|5|53,ag_full_true_sac_marginsel,14.599,25,A,improving,stalled,0,0,medium
421,32.7459,14.8444,51.7698,0.012301527164357335,50.8815,261.8155,59.6813,0.0003814171941485256,18.31302,Yes,Yes,Yes,Yes,Yes,120,9,120,0,1|16|2|4|11|4|7|15|19|88,ag_full_true_sac_marginsel,13.908,48,A,improving,improving,0,0,medium
422,33.261,22.1225,50.9707,0.011029779118840816,39.8097,286.9722,59.8976,0.0004580095992423594,13.302473,Yes,Yes,Yes,Yes,Yes,120,3,120,0,0|9|4|3|7|5|10|2|17|16,ag_full_true_sac_marginsel,14.104,46,B,passed,improving,0,0,medium
423,36.9601,21.2383,51.6248,0.006703313339703135,39.0985,274.3645,52.0368,0.0002972810762003064,12.939892,Yes,Yes,Yes,Yes,Yes,120,20,120,0,1|8|6|3|16|0|6|16|18|90,ag_full_true_sac_marginsel,13.011,37,A,improving,stalled,0,0,medium
424,32.4753,16.1214,50.5536,0.010943765672698492,47.7501,131.7949,72.3143,0.00017604783351998776,9.059872,Yes,Yes,Yes,Yes,Yes,120,2,120,0,4|14|7|4|13|2|12|15|33|93,ag_full_true_sac_marginsel,12.955,101,B,passed,improving,0,0,medium
425,36.3747,23.5732,50.7007,0.010378324500803159,46.347,190.5726,85.1165,0.0002869152813218534,9.00959,Yes,Yes,Yes,Yes,Yes,120,14,120,0,1|6|2|2|9|7|8|13|14|67,ag_full_true_sac_marginsel,14.379,35,A,improving,improving,0,0,medium
426,34.4053,16.685,52.6663,0.006490786167621328,64.7325,152.2534,92.0185,0.00035352897248230875,10.699382,Yes,Yes,Yes,Yes,Yes,120,4,120,0,1|13|1|1|2|4|9|13|4|78,ag_full_true_sac_marginsel,13.227,47,A,improving,passed,0,0,medium
427,38.3632,24.7375,51.7917,0.010635701443493987,52.0774,242.2781,65.0634,0.00033730780705809593,10.37596,Yes,Yes,Yes,Yes,Yes,120,4,120,0,1|9|4|3|11|8|7|15|9|1,ag_full_true_sac_marginsel,13.956,37,A,improving,passed,0,0,medium
428,40.3973,17.5498,51.7962,0.006460677772368867,53.97,230.0057,64.4551,0.00031487521482631564,13.637551,Yes,Yes,Yes,Yes,Yes,120,2,120,0,1|7|7|3|16|6|4|17|7|26,ag_full_true_sac_marginsel,13.988,37,B,passed,improving,0,0,medium
429,41.3517,17.3394,49.8921,0.01053034814698536,49.2439,239.8462,65.4556,0.00032584741711616516,14.30429,Yes,Yes,Yes,Yes,Yes,120,4,120,0,1|12|4|3|10|2|10|8|25|22,ag_full_true_sac_marginsel,13.748,28,A,improving,passed,0,0,medium
430,34.948,15.7556,53.6361,0.006789561559690236,45.9552,183.5417,67.8339,0.0002450446190778166,12.192888,Yes,Yes,Yes,Yes,Yes,120,15,120,0,1|11|2|4|2|7|1|10|37|7,ag_full_true_sac_marginsel,14.656,36,A,improving,improving,0,0,medium
431,40.353,14.3013,51.7263,0.013063437756923627,50.9737,213.0285,70.6669,0.0003304790297988802,15.499832,Yes,Yes,Yes,Yes,Yes,120,10,120,0,1|12|2|4|9|8|5|14|22|35,ag_full_true_sac_marginsel,13.964,48,B,improving,improving,0,0,medium
432,42.7759,18.4437,50.6136,0.008698759860201091,71.5275,76.8772,103.963,0.00025337078841403127,5.86527,Yes,Yes,Yes,Yes,Yes,120,5,120,0,1|17|0|3|9|0|4|8|18|33,ag_full_true_sac_marginsel,14.195,28,A,improving,passed,0,0,medium
433,41.7497,20.1141,50.2413,0.009088393620987215,58.5076,182.2391,66.7382,0.00022872175031807274,9.764859,Yes,Yes,Yes,Yes,Yes,120,8,120,0,1|7|6|4|13|2|8|3|27|56,ag_full_true_sac_marginsel,15.426,21,B,improving,improving,0,0,medium
434,36.6234,12.272,51.5948,0.012215805881027022,51.3131,180.4975,72.9159,0.0002471207990311086,15.502232,Yes,Yes,Yes,Yes,Yes,120,13,120,0,2|13|1|4|9|7|7|15|36|26,ag_full_true_sac_marginsel,13.939,66,A,improving,improving,0,0,medium
435,31.2435,17.158,50.8936,0.010388024872267988,49.2297,171.575,76.2044,0.0003830706118606031,11.035815,Yes,Yes,Yes,Yes,Yes,120,4,120,0,1|16|4|1|4|0|5|17|3|39,ag_full_true_sac_marginsel,14.234,52,A,improving,passed,0,0,medium
436,36.1192,23.0991,53.2714,0.007463350123655002,55.2788,237.2723,65.1274,0.00032820916385389864,10.980966,Yes,Yes,Yes,Yes,Yes,120,7,120,0,1|13|2|3|5|6|5|13|11|53,ag_full_true_sac_marginsel,14.236,52,A,improving,improving,0,0,medium
437,41.5756,13.4308,50.9985,0.011177953870018093,72.7376,70.1651,83.1152,0.00012774698552675545,6.592055,Yes,Yes,Yes,Yes,Yes,120,8,120,0,7|16|4|4|7|7|9|16|8|2,ag_full_true_sac_marginsel,15.222,42,A,improving,improving,0,0,medium
438,34.9386,22.5178,50.771,0.008276171396548886,51.7554,230.525,64.093,0.0002957328106276691,10.945446,Yes,Yes,Yes,Yes,Yes,120,3,120,0,1|12|4|2|2|4|1|14|35|0,ag_full_true_sac_marginsel,13.482,63,B,passed,improving,0,0,medium
439,34.3253,15.3423,54.7785,0.011820502808988288,49.4616,242.5695,65.7837,0.0003627086407504976,16.421643,Yes,Yes,Yes,Yes,Yes,120,3,120,0,1|9|4|3|17|5|11|14|8|53,ag_full_true_sac_marginsel,14.329,35,A,passed,stalled,0,0,medium
440,41.7074,23.4202,51.4131,0.0101980212382002,53.6228,157.5505,66.7693,0.00019087169494014233,7.292768,Yes,Yes,Yes,Yes,Yes,120,12,120,0,1|7|6|3|1|6|1|6|12|6,ag_full_true_sac_marginsel,15.603,31,A,improving,improving,0,0,medium
441,32.8173,14.9927,51.4249,0.007719071751557262,64.5828,154.7589,96.1313,0.00032186132739298046,12.117909,Yes,Yes,Yes,Yes,Yes,120,4,120,0,1|9|1|1|3|5|10|11|6|87,ag_full_true_sac_marginsel,13.321,76,A,improving,passed,0,0,medium
442,33.188,17.4254,50.3624,0.012052913158041174,38.4558,302.7144,58.3275,0.0003941583272535354,17.656163,Yes,Yes,Yes,Yes,Yes,120,5,120,0,1|15|7|2|1|7|10|17|30|0,ag_full_true_sac_marginsel,14.1,39,A,improving,passed,0,0,medium
443,35.2045,24.8264,52.0161,0.010201901238913094,64.6415,47.7065,95.3463,0.00014349058619700372,3.576718,Yes,Yes,Yes,Yes,Yes,120,16,120,0,4|7|3|1|6|3|9|12|17|94,ag_full_true_sac_marginsel,14.92,50,A,improving,stalled,0,0,medium
444,33.513,23.1012,53.9767,0.010616996079298018,51.62,110.7584,79.1919,0.00017430905427318066,5.785523,Yes,Yes,Yes,Yes,Yes,120,3,120,0,4|16|8|2|6|0|8|14|5|35,ag_full_true_sac_marginsel,13.482,71,A,passed,passed,0,0,medium
445,33.0875,18.6705,50.9254,0.012810400438350272,47.0487,266.1098,62.9921,0.00039022942655719817,14.881398,Yes,Yes,Yes,Yes,Yes,120,2,120,0,1|13|3|3|11|5|12|13|4|31,ag_full_true_sac_marginsel,13.849,52,B,passed,improving,0,0,medium
446,39.7135,18.2536,49.6437,0.00857815413111731,50.2283,294.2201,53.2285,0.00036816915962845087,16.412512,Yes,Yes,Yes,Yes,Yes,120,8,120,0,1|14|7|2|3|5|4|17|10|54,ag_full_true_sac_marginsel,14.183,31,A,improving,stalled,0,0,medium
447,39.6703,21.7179,54.0,0.00725804597145179,61.3977,178.9974,93.9652,0.0002850918681360781,9.490427,Yes,Yes,Yes,Yes,Yes,120,8,120,0,1|5|2|1|9|3|9|11|33|98,ag_full_true_sac_marginsel,14.654,18,A,improving,stalled,0,0,medium
448,38.6576,21.7871,49.7716,0.010082833420378592,44.9286,196.2243,64.2836,0.0002142330486094579,9.438978,Yes,Yes,Yes,Yes,Yes,120,23,120,0,1|5|7|3|15|0|9|4|35|72,ag_full_true_sac_marginsel,15.289,35,A,improving,stalled,0,0,medium
449,38.5773,16.8506,49.3773,0.009375164961149702,48.7502,197.9308,76.6636,0.00028098528855480254,12.532543,Yes,Yes,Yes,Yes,Yes,120,4,120,0,1|6|1|3|16|6|4|16|17|17,ag_full_true_sac_marginsel,14.539,52,A,improving,passed,0,0,medium
450,34.404,16.6394,50.2157,0.007729369812493473,53.4753,177.4316,70.653,0.0002358997444389388,11.594153,Yes,Yes,Yes,Yes,Yes,120,15,120,0,2|14|8|3|5|4|10|7|29|56,ag_full_true_sac_marginsel,14.649,53,A,improving,stalled,0,0,medium
451,37.0541,22.8269,51.0348,0.0074974714471125435,57.3108,190.266,69.9574,0.0002427075814921409,9.220259,Yes,Yes,Yes,Yes,Yes,120,17,120,0,2|11|7|3|11|3|5|16|7|86,ag_full_true_sac_marginsel,15.497,36,A,improving,stalled,0,0,medium
452,37.8549,10.8299,53.2856,0.010098775983598358,49.4271,130.5666,74.3307,0.00018162428750656545,12.738801,Yes,Yes,Yes,Yes,Yes,120,7,120,0,3|14|6|3|2|6|7|11|28|46,ag_full_true_sac_marginsel,14.585,61,B,improving,improving,0,0,medium
453,37.603,20.4229,50.3273,0.007201163253774996,52.5343,261.0245,56.0231,0.00034381277509965,13.243499,Yes,Yes,Yes,Yes,Yes,120,3,120,0,1|16|3|4|7|4|10|7|36|22,ag_full_true_sac_marginsel,12.73,49,A,passed,passed,0,0,medium
454,41.2137,17.9062,53.4892,0.0065541244073367925,60.6026,167.0228,87.3951,0.0002562214795034379,10.392874,Yes,Yes,Yes,Yes,Yes,120,3,120,0,1|4|8|1|9|3|3|14|11|75,ag_full_true_sac_marginsel,14.157,43,A,passed,stalled,0,0,medium
455,41.5052,23.462,53.7505,0.009210435231586421,66.3204,89.9382,92.7073,0.0001560276432428509,5.139072,Yes,Yes,Yes,Yes,Yes,120,10,120,0,2|5|7|2|10|1|4|8|31|26,ag_full_true_sac_marginsel,15.26,30,A,improving,stalled,0,0,medium
456,31.3624,20.176,54.0247,0.011161824432715647,40.2939,242.3783,65.8752,0.000381121615646407,12.483177,Yes,Yes,Yes,Yes,Yes,120,2,120,0,1|10|8|3|14|8|9|17|6|39,ag_full_true_sac_marginsel,12.853,63,B,passed,improving,0,0,medium
457,34.2756,20.3993,53.8518,0.013332444078738489,48.8186,224.2884,67.8652,0.0003255667688790709,11.655023,Yes,Yes,Yes,Yes,Yes,120,2,120,0,1|13|5|2|7|0|1|16|0|51,ag_full_true_sac_marginsel,13.94,54,B,passed,improving,0,0,medium
458,31.757,16.558,54.5993,0.010312895787720737,51.0367,249.7958,57.8556,0.000330889510223642,15.720794,Yes,Yes,Yes,Yes,Yes,120,2,120,0,1|16|5|3|5|2|4|11|9|67,ag_full_true_sac_marginsel,13.057,74,A,passed,passed,0,0,medium
459,31.0061,20.3409,53.9414,0.010389216489856527,33.8467,306.2867,59.5698,0.0005868045263923705,15.197152,Yes,Yes,Yes,Yes,Yes,120,3,120,0,0|10|5|3|10|8|11|8|14|86,ag_full_true_sac_marginsel,12.677,44,B,passed,improving,0,0,medium
460,38.4624,16.8985,55.2769,0.007866699102332468,78.0918,59.726,96.8027,0.00013984425459057093,5.298196,Yes,Yes,Yes,Yes,Yes,120,3,120,0,4|7|4|3|15|4|9|11|19|59,ag_full_true_sac_marginsel,13.251,79,B,passed,improving,0,0,medium
461,35.0179,18.0451,54.092,0.006520064163454552,38.9413,248.7331,57.7538,0.00028654056950472295,13.919758,Yes,Yes,Yes,Yes,Yes,120,4,120,0,1|6|6|3|15|6|7|16|0|74,ag_full_true_sac_marginsel,13.162,42,A,improving,passed,0,0,medium
462,33.6891,12.2427,52.5408,0.008259991856036876,47.8308,255.5768,70.2322,0.0003932597755920142,21.584743,Yes,Yes,Yes,Yes,Yes,120,9,120,0,1|12|5|1|2|5|10|17|14|97,ag_full_true_sac_marginsel,13.693,58,A,improving,improving,0,0,medium
463,34.5823,22.8747,50.4139,0.011092712160630666,43.1215,274.586,58.7237,0.00042760727228596807,12.37714,Yes,Yes,Yes,Yes,Yes,120,3,120,0,1|16|3|4|12|7|11|16|19|10,ag_full_true_sac_marginsel,13.222,42,B,passed,improving,0,0,medium
464,35.4107,22.5572,53.9213,0.007367837499121976,63.0904,176.0152,69.3725,0.00021236692555248737,8.842463,Yes,Yes,Yes,Yes,Yes,120,4,120,0,1|5|6|3|8|7|0|11|8|89,ag_full_true_sac_marginsel,13.597,31,A,improving,passed,0,0,medium
465,36.7669,22.4076,53.2329,0.006664576309560464,48.5312,220.8764,84.0657,0.0004240741254761815,10.69275,Yes,Yes,Yes,Yes,Yes,120,16,120,0,0|2|4|1|17|3|10|6|29|10,ag_full_true_sac_marginsel,13.262,24,A,improving,improving,0,0,medium
466,39.8776,14.179,54.6954,0.012201006110667264,49.9394,198.8403,66.4504,0.00024138283333741128,14.470992,Yes,Yes,Yes,Yes,Yes,120,7,120,0,2|13|8|2|2|5|9|11|7|46,ag_full_true_sac_marginsel,14.617,39,A,improving,improving,0,0,medium
467,40.4013,19.5287,51.6034,0.01394175960998932,51.6247,226.9162,60.6312,0.0002802200906444341,12.052272,Yes,Yes,Yes,Yes,Yes,120,22,120,0,2|17|7|4|9|4|5|17|5|95,ag_full_true_sac_marginsel,14.491,31,A,improving,improving,0,0,medium
468,34.9161,19.5947,55.1041,0.007885185191159608,38.166,279.4995,66.2637,0.00048415709170512855,14.498217,Yes,Yes,Yes,Yes,Yes,120,17,120,0,0|6|5|2|12|4|10|6|8|73,ag_full_true_sac_marginsel,12.753,52,B,improving,improving,0,0,medium
469,35.5665,14.3595,51.0686,0.0068544773222452,49.9457,253.1819,73.1273,0.00046205995022319257,18.400538,Yes,Yes,Yes,Yes,Yes,120,16,120,0,0|10|1|2|6|5|8|6|5|85,ag_full_true_sac_marginsel,14.181,32,A,improving,improving,0,0,medium
470,39.4747,22.7546,54.1528,0.007611018874607231,49.2639,256.1477,63.8573,0.00033670838456600904,11.639934,Yes,Yes,Yes,Yes,Yes,120,21,120,0,1|11|6|2|4|6|5|15|30|25,ag_full_true_sac_marginsel,14.135,36,A,improving,improving,0,0,medium
471,40.9401,24.5564,51.5709,0.010372369435575136,50.2484,199.8976,59.2263,0.0002201952738687396,8.494936,Yes,Yes,Yes,Yes,Yes,120,10,120,0,3|13|8|3|13|1|11|17|13|98,ag_full_true_sac_marginsel,14.349,26,A,improving,improving,0,0,medium
472,30.5849,18.8924,50.9302,0.010488947281889212,38.5164,291.3637,64.7777,0.0005308381514623761,15.902896,Yes,Yes,Yes,Yes,Yes,120,2,120,0,0|6|4|2|15|4|12|7|11|76,ag_full_true_sac_marginsel,12.695,67,A,passed,passed,0,0,medium
473,31.5993,19.9932,54.1595,0.008425419760270716,39.337,342.2871,61.4817,0.000567600189242512,17.432897,Yes,Yes,Yes,Yes,Yes,120,13,120,0,0|7|5|1|3|7|5|17|19|94,ag_full_true_sac_marginsel,13.427,37,A,improving,improving,0,0,medium
474,33.9184,11.4021,52.1403,0.009063523560112457,48.8663,205.8837,72.0443,0.0002529126068111509,18.851201,Yes,Yes,Yes,Yes,Yes,120,13,120,0,1|7|4|2|3|7|12|3|16|35,ag_full_true_sac_marginsel,13.231,56,A,improving,improving,0,0,medium
475,31.3093,19.7565,51.7303,0.007671030751765527,56.8991,202.4039,70.8904,0.00031529186526313424,11.391536,Yes,Yes,Yes,Yes,Yes,120,2,120,0,1|15|1|4|10|2|2|14|14|5,ag_full_true_sac_marginsel,12.828,90,A,passed,passed,0,0,medium
476,34.2385,24.1204,54.0197,0.009667406345964288,75.1749,155.9833,67.0671,0.00019850618264172226,7.883495,Yes,Yes,Yes,Yes,Yes,120,3,120,0,1|8|2|4|3|6|1|6|19|69,ag_full_true_sac_marginsel,14.756,50,B,passed,improving,0,0,medium
477,41.2319,11.202,52.5836,0.01060238509777748,51.9746,265.5053,59.6559,0.00034368480555713177,24.064224,Yes,Yes,Yes,Yes,Yes,120,5,120,0,1|11|4|3|9|6|6|15|15|0,ag_full_true_sac_marginsel,12.325,44,A,improving,passed,0,0,medium
478,34.1779,20.991,50.1351,0.012139278808114197,51.135,180.8885,59.9211,0.0002003103436436504,9.292256,Yes,Yes,Yes,Yes,Yes,120,10,120,0,2|9|4|4|8|8|9|8|36|23,ag_full_true_sac_marginsel,13.729,63,B,improving,improving,0,0,medium
479,38.5008,12.8607,53.4251,0.006973282752871867,48.3346,190.0776,69.5828,0.000263161986367777,15.299782,Yes,Yes,Yes,Yes,Yes,120,11,120,0,2|16|6|4|12|1|12|8|20|84,ag_full_true_sac_marginsel,14.127,34,A,improving,improving,0,0,medium
480,34.9226,22.1672,51.9311,0.006629831990152065,78.1842,129.4268,69.984,0.00015414395602419972,7.401824,Yes,Yes,Yes,Yes,Yes,120,4,120,0,4|9|8|4|16|5|12|10|0|54,ag_full_true_sac_marginsel,12.853,77,A,improving,passed,0,0,medium
481,34.226,20.9861,50.0349,0.012011835589387732,55.5771,202.8609,70.7482,0.0002598036080598831,10.682615,Yes,Yes,Yes,Yes,Yes,120,6,120,0,2|12|8|2|8|2|8|15|7|49,ag_full_true_sac_marginsel,14.758,46,A,improving,passed,0,0,medium
482,37.2347,12.4225,51.2967,0.007329097077527179,50.2808,214.0195,68.1479,0.00027960448642261326,17.869088,Yes,Yes,Yes,Yes,Yes,120,4,120,0,1|9|7|3|11|2|6|9|21|74,ag_full_true_sac_marginsel,13.558,40,A,improving,passed,0,0,medium
483,40.8312,20.7362,49.6666,0.009221970618509302,48.2666,232.2221,52.5863,0.0002650928217917681,11.411026,Yes,Yes,Yes,Yes,Yes,120,11,120,0,1|12|3|4|8|1|11|1|21|10,ag_full_true_sac_marginsel,13.125,29,A,improving,improving,0,0,medium
484,34.8262,21.8923,50.7077,0.012911190418615737,41.7669,328.1428,55.026,0.0005554714589379728,15.230385,Yes,Yes,Yes,Yes,Yes,120,9,120,0,0|13|4|2|5|2|4|12|0|77,ag_full_true_sac_marginsel,13.632,49,A,improving,improving,0,0,medium
485,37.3278,12.1611,50.9985,0.007754150973871498,48.5678,271.651,61.9743,0.00037828911445103586,22.805161,Yes,Yes,Yes,Yes,Yes,120,8,120,0,1|16|3|2|5|2|11|11|12|54,ag_full_true_sac_marginsel,13.876,46,A,improving,improving,0,0,medium
486,33.8185,18.2661,50.98,0.0065373821269591745,45.0626,303.6183,57.7083,0.0004848361713811755,17.012288,Yes,Yes,Yes,Yes,Yes,120,3,120,0,0|6|7|1|6|3|11|5|18|86,ag_full_true_sac_marginsel,12.196,65,A,passed,passed,0,0,medium
487,36.089,11.4916,51.3021,0.008188765290120954,51.6206,184.9393,73.3974,0.00022527255350723863,16.927015,Yes,Yes,Yes,Yes,Yes,120,3,120,0,2|7|8|2|13|2|8|15|8|22,ag_full_true_sac_marginsel,13.472,69,B,passed,improving,0,0,medium
488,34.2698,25.207,52.5896,0.010614663706141508,64.5556,257.6775,64.4526,0.00031522216158919036,11.30209,Yes,Yes,Yes,Yes,Yes,120,19,120,0,1|4|6|1|15|2|8|16|34|16,ag_full_true_sac_marginsel,13.62,37,A,improving,improving,0,0,medium
489,30.7989,15.6035,52.8481,0.007913609850435648,34.9217,325.5664,66.4156,0.00047586578875780106,21.195363,Yes,Yes,Yes,Yes,Yes,120,2,120,0,0|6|2|2|9|6|8|11|21|12,ag_full_true_sac_marginsel,12.839,64,B,passed,improving,0,0,medium
490,42.0206,12.1837,51.889,0.008449512069633501,61.2698,226.5529,57.5416,0.00026098088710568845,19.130885,Yes,Yes,Yes,Yes,Yes,120,10,120,0,2|16|4|3|4|5|7|13|21|53,ag_full_true_sac_marginsel,12.975,43,A,improving,improving,0,0,medium
491,39.2882,11.2292,51.2366,0.008646336896466158,58.0847,226.9757,60.6291,0.00026432491722516716,20.844117,Yes,Yes,Yes,Yes,Yes,120,3,120,0,2|13|6|3|6|7|11|12|12|34,ag_full_true_sac_marginsel,13.883,44,B,passed,improving,0,0,medium
492,30.9233,22.2201,53.4149,0.009651065810060337,40.1939,237.1983,67.3827,0.00028869672678411007,11.206332,Yes,Yes,Yes,Yes,Yes,120,7,120,0,1|9|7|2|3|6|12|7|38|22,ag_full_true_sac_marginsel,12.622,55,A,improving,improving,0,0,medium
493,33.9067,24.4593,51.6563,0.0086516551954286,59.3087,174.4711,61.6052,0.00022661054390482605,8.0487,Yes,Yes,Yes,Yes,Yes,120,19,120,0,2|17|5|4|0|7|2|11|38|56,ag_full_true_sac_marginsel,14.041,52,A,improving,stalled,0,0,medium
494,37.8752,23.9066,50.4413,0.011660835062110209,41.3172,210.967,58.5229,0.00024640344781801105,9.054603,Yes,Yes,Yes,Yes,Yes,120,3,120,0,2|16|5|4|4|6|12|9|30|81,ag_full_true_sac_marginsel,13.433,48,A,passed,stalled,0,0,medium
495,31.3033,18.6909,54.7095,0.011004854381871102,62.7264,262.44,63.4642,0.00044286460615694523,15.164695,Yes,Yes,Yes,Yes,Yes,120,24,120,0,1|16|4|1|2|4|12|17|37|86,ag_full_true_sac_marginsel,13.385,58,A,improving,stalled,0,0,medium
496,39.7082,10.9542,52.6722,0.008254593928036295,53.4338,226.7851,65.1149,0.0002887115115299821,21.25004,Yes,Yes,Yes,Yes,Yes,120,7,120,0,1|8|7|3|13|3|8|9|29|92,ag_full_true_sac_marginsel,14.157,22,A,improving,improving,0,0,medium
497,31.8576,15.9785,53.1103,0.006984205589541624,36.7537,220.7379,71.5085,0.00041611341293901205,14.255211,Yes,Yes,Yes,Yes,Yes,120,2,120,0,0|10|3|4|11|1|9|0|29|85,ag_full_true_sac_marginsel,13.528,67,A,passed,stalled,0,0,medium
498,33.6072,11.6203,53.3085,0.011589450567756161,41.8527,294.8415,56.0719,0.00039165702764876187,25.636428,Yes,Yes,Yes,Yes,Yes,120,2,120,0,1|14|2|3|10|4|11|17|6|78,ag_full_true_sac_marginsel,12.352,57,B,passed,improving,0,0,medium
499,39.2973,25.2744,52.7922,0.011820579735996841,59.7376,144.8224,76.4799,0.00021230785932857543,6.680895,Yes,Yes,Yes,Yes,Yes,120,24,120,0,2|14|2|3|1|6|5|9|29|54,ag_full_true_sac_marginsel,14.514,36,A,improving,stalled,0,0,medium
500,38.6,17.6781,51.6764,0.014634656096159656,52.612,228.8134,68.8986,0.0002970606437884271,13.619325,Yes,Yes,Yes,Yes,Yes,120,9,120,0,1|8|7|2|4|8|8|10|20|31,ag_full_true_sac_marginsel,14.073,43,A,improving,improving,0,0,medium
501,33.5269,12.3135,54.1352,0.011352531465997902,56.1351,205.6116,68.1753,0.0002893566561397165,17.606296,Yes,Yes,Yes,Yes,Yes,120,3,120,0,1|11|2|4|9|5|3|12|1|93,ag_full_true_sac_marginsel,12.732,75,B,passed,improving,0,0,medium
502,31.9547,22.305,52.3406,0.007619180967591127,42.4693,259.9072,63.0545,0.0004256668617017567,12.130273,Yes,Yes,Yes,Yes,Yes,120,2,120,0,0|14|2|3|4|2|2|7|25|21,ag_full_true_sac_marginsel,12.999,59,B,passed,improving,0,0,medium
503,41.3828,19.9852,50.7299,0.013383775480461607,55.3404,205.8929,66.3262,0.0002537083637434989,10.928029,Yes,Yes,Yes,Yes,Yes,120,21,120,0,2|13|8|3|11|1|12|9|13|36,ag_full_true_sac_marginsel,14.569,35,A,improving,stalled,0,0,medium
504,40.6943,17.952,55.8045,0.010536946329565535,61.8559,212.7158,59.6385,0.00023631930525880307,12.415449,Yes,Yes,Yes,Yes,Yes,120,6,120,0,2|11|6|3|6|7|3|17|0|73,ag_full_true_sac_marginsel,13.11,46,A,improving,passed,0,0,medium
505,37.2645,12.6209,54.5912,0.012361061006122826,53.4748,75.4649,72.5707,0.00017709183157421649,6.729396,Yes,Yes,Yes,Yes,Yes,120,4,120,0,2|11|4|1|2|0|6|4|24|41,ag_full_true_sac_marginsel,14.058,29,A,improving,passed,0,0,medium
506,37.6536,9.9692,53.0827,0.009686787333281164,60.1105,112.0742,76.6847,0.00017130572814494371,12.265403,Yes,Yes,Yes,Yes,Yes,120,7,120,0,3|13|7|3|7|1|6|9|23|98,ag_full_true_sac_marginsel,13.369,80,B,improving,improving,0,0,easy
507,34.1174,14.3732,53.1144,0.006366208525238428,50.907,220.3613,79.9388,0.00041146238800138235,16.263944,Yes,Yes,Yes,Yes,Yes,120,4,120,0,1|16|1|2|6|5|12|15|24|28,ag_full_true_sac_marginsel,12.618,81,A,improving,passed,0,0,medium
508,38.6622,15.3724,55.6722,0.008520573859910816,45.5764,255.9411,62.0861,0.0003501982137095183,16.902324,Yes,Yes,Yes,Yes,Yes,120,8,120,0,1|14|5|3|3|8|2|17|16|7,ag_full_true_sac_marginsel,13.516,33,A,improving,improving,0,0,medium
509,42.7037,14.9576,52.8847,0.013389113423761527,56.8672,196.987,74.9506,0.00028898913296870887,13.897031,Yes,Yes,Yes,Yes,Yes,120,22,120,0,2|14|2|3|9|6|11|16|7|84,ag_full_true_sac_marginsel,14.659,40,A,improving,improving,0,0,medium
510,34.906,23.429,50.1117,0.0110346082231849,40.6474,268.5879,57.6124,0.0003819368139375001,11.743442,Yes,Yes,Yes,Yes,Yes,120,11,120,0,1|17|6|4|13|0|8|12|26|44,ag_full_true_sac_marginsel,13.688,34,A,improving,improving,0,0,medium
511,40.8253,20.3109,55.4602,0.00854340173666325,57.5857,110.8829,85.4431,0.00019360703299753368,6.387772,Yes,Yes,Yes,Yes,Yes,120,24,120,0,3|17|1|4|3|7|3|15|37|14,ag_full_true_sac_marginsel,14.537,39,A,improving,improving,0,0,medium
512,31.3,13.6576,53.7725,0.011366319069212368,42.8343,233.5097,60.5113,0.0003182086511515081,17.563229,Yes,Yes,Yes,Yes,Yes,120,2,120,0,1|15|8|4|6|4|10|4|16|17,ag_full_true_sac_marginsel,13.328,49,A,passed,stalled,0,0,medium
513,37.975,12.9324,54.0268,0.006881446249034022,49.0873,191.2116,61.6863,0.00021638609177898616,15.188472,Yes,Yes,Yes,Yes,Yes,120,3,120,0,2|12|7|3|9|0|3|14|9|32,ag_full_true_sac_marginsel,12.113,75,A,passed,passed,0,0,medium
514,40.6287,25.4936,52.924,0.010990531352655628,71.0818,189.1894,92.7162,0.0003421650908421725,8.89134,Yes,Yes,Yes,Yes,Yes,120,9,120,0,1|15|0|3|10|8|11|12|11|15,ag_full_true_sac_marginsel,14.474,33,A,improving,improving,0,0,medium
515,35.6312,11.3321,51.5205,0.007755639908421165,51.7937,250.2999,55.6445,0.0003226211993023753,22.579745,Yes,Yes,Yes,Yes,Yes,120,7,120,0,1|9|8|4|16|6|4|16|36|93,ag_full_true_sac_marginsel,13.074,52,A,improving,improving,0,0,medium
516,32.1096,24.2328,52.9356,0.010900151116290441,45.9484,237.8312,62.0288,0.00027484737802296877,10.391984,Yes,Yes,Yes,Yes,Yes,120,2,120,0,1|9|7|2|6|2|12|4|21|24,ag_full_true_sac_marginsel,12.296,76,A,passed,passed,0,0,medium
517,34.9227,16.5994,55.9477,0.00994742712146999,38.4412,283.6536,68.0346,0.0004652132629416883,17.358199,Yes,Yes,Yes,Yes,Yes,120,8,120,0,0|15|1|3|6|5|6|8|8|21,ag_full_true_sac_marginsel,13.712,36,A,improving,improving,0,0,medium
518,40.432,16.948,51.6898,0.005702679204303007,75.845,72.694,87.0595,0.0001437351165805012,5.824154,Yes,Yes,Yes,Yes,Yes,120,3,120,0,6|17|3|2|7|0|11|14|33|74,ag_full_true_sac_marginsel,14.69,42,B,passed,improving,0,0,medium
519,30.3335,17.0793,52.5877,0.007463576838783491,37.3068,287.1522,58.6408,0.00043713426566682756,17.0993,Yes,Yes,Yes,Yes,Yes,120,1,120,0,0|7|8|3|9|6|8|4|13|83,ag_full_true_sac_marginsel,12.144,59,A,passed,stalled,0,0,medium
520,37.3732,18.1921,49.1014,0.008195827998101507,54.2782,167.6048,83.5349,0.000264933769358322,10.334352,Yes,Yes,Yes,Yes,Yes,120,7,120,0,1|5|8|2|15|2|11|6|36|17,ag_full_true_sac_marginsel,13.609,57,B,improving,improving,0,0,medium
521,40.2192,20.5105,49.1988,0.01069848504641202,55.9087,228.7693,60.0763,0.0002735413727350533,11.739401,Yes,Yes,Yes,Yes,Yes,120,4,120,0,2|17|6|3|1|8|6|15|13|98,ag_full_true_sac_marginsel,12.634,64,A,improving,passed,0,0,medium
522,43.953,22.7644,52.2423,0.008429068624985549,68.5679,90.1637,81.9889,0.0001447559188818559,5.072982,Yes,Yes,Yes,Yes,Yes,120,28,120,0,5|12|7|4|10|7|12|11|20|67,ag_full_true_sac_marginsel,14.238,33,A,improving,improving,0,0,medium
523,32.1776,21.8434,53.2071,0.013111256655081758,42.8941,256.9442,56.9844,0.0003493527474347502,12.140424,Yes,Yes,Yes,Yes,Yes,120,2,120,0,1|17|7|4|2|8|3|13|21|24,ag_full_true_sac_marginsel,12.436,46,A,passed,passed,0,0,medium
524,38.4988,24.0243,52.8071,0.013462267009236095,53.0383,180.7312,72.8065,0.00026534730568528175,8.259521,Yes,Yes,Yes,Yes,Yes,120,11,120,0,2|17|3|4|7|5|4|16|12|83,ag_full_true_sac_marginsel,14.683,40,A,improving,stalled,0,0,medium
525,40.3492,15.4429,49.9646,0.012956923658663825,64.471,112.6508,87.9616,0.00016697030514478683,8.640085,Yes,Yes,Yes,Yes,Yes,120,14,120,0,4|10|5|3|10|7|8|17|31|98,ag_full_true_sac_marginsel,13.932,46,B,improving,improving,0,0,medium
526,38.6022,10.8477,51.1863,0.011975180180238777,45.4841,248.5603,63.1996,0.0003446738119237125,23.297774,Yes,Yes,Yes,Yes,Yes,120,10,120,0,1|13|8|2|2|6|2|17|30|65,ag_full_true_sac_marginsel,13.454,51,A,improving,stalled,0,0,medium
527,36.1771,15.6471,55.3399,0.007297576445571082,47.7838,192.9761,71.0606,0.0002645151980686933,12.901684,Yes,Yes,Yes,Yes,Yes,120,8,120,0,2|15|8|3|3|8|7|14|23|8,ag_full_true_sac_marginsel,13.953,43,A,improving,improving,0,0,medium
528,30.792,19.7258,53.9064,0.012459849824473552,34.9196,261.0541,61.1937,0.0003341921838000417,13.476547,Yes,Yes,Yes,Yes,Yes,120,2,120,0,1|15|3|4|6|5|11|10|22|89,ag_full_true_sac_marginsel,12.346,48,B,passed,improving,0,0,medium
529,44.8519,19.5564,54.1922,0.008916912522029193,68.1577,200.2307,79.9942,0.00028684857534244657,11.202214,Yes,Yes,Yes,Yes,Yes,120,20,120,0,2|13|1|2|11|1|12|16|21|36,ag_full_true_sac_marginsel,14.548,34,A,improving,improving,0,0,medium
530,38.1772,19.1284,53.4957,0.01482070502894399,56.2823,251.3305,58.0741,0.00030114405672065914,13.678656,Yes,Yes,Yes,Yes,Yes,120,10,120,0,1|11|4|3|8|3|11|5|29|11,ag_full_true_sac_marginsel,12.939,50,A,improving,stalled,0,0,medium
531,42.4508,18.3831,49.4075,0.010441407343193118,59.9783,114.9218,100.3654,0.00023951362527441233,7.672834,Yes,Yes,Yes,Yes,Yes,120,14,120,0,1|3|8|1|7|7|4|12|5|79,ag_full_true_sac_marginsel,13.412,36,A,improving,stalled,0,0,medium
532,37.3917,18.7251,56.154,0.008955068474821921,51.8108,239.8729,68.8711,0.0003179217455908656,13.386798,Yes,Yes,Yes,Yes,Yes,120,6,120,0,1|11|2|2|1|8|10|9|28|53,ag_full_true_sac_marginsel,13.336,57,A,improving,passed,0,0,medium
533,38.9272,21.508,52.642,0.014569917070233803,45.9464,297.546,55.6633,0.0004156478098593652,14.043397,Yes,Yes,Yes,Yes,Yes,120,28,120,0,1|14|4|3|14|2|11|16|10|69,ag_full_true_sac_marginsel,13.974,32,A,improving,stalled,0,0,medium
534,34.1797,20.7651,49.4932,0.008353423170969059,56.6213,189.3263,72.6803,0.0002478910028003156,10.212919,Yes,Yes,Yes,Yes,Yes,120,12,120,0,2|12|7|2|5|4|12|9|16|0,ag_full_true_sac_marginsel,13.216,59,A,improving,improving,0,0,medium
535,38.9015,22.6284,53.2699,0.014110117480223375,53.9572,213.3549,66.6922,0.000293985940515995,10.046784,Yes,Yes,Yes,Yes,Yes,120,6,120,0,2|17|3|4|7|8|9|16|12|44,ag_full_true_sac_marginsel,13.462,66,A,improving,passed,0,0,medium
536,37.1947,16.9627,56.2254,0.01081697258068549,63.0501,123.7612,71.5676,0.00016746166511438787,8.24862,Yes,Yes,Yes,Yes,Yes,120,19,120,0,4|15|8|4|5|7|5|15|27|34,ag_full_true_sac_marginsel,14.415,45,A,improving,improving,0,0,medium
537,33.6627,14.403,50.3453,0.012925789718205833,52.5438,253.2086,60.4958,0.00032160457340069115,18.317873,Yes,Yes,Yes,Yes,Yes,120,3,120,0,1|9|6|3|9|8|9|11|0|80,ag_full_true_sac_marginsel,12.213,49,B,passed,improving,0,0,medium
538,33.5976,19.3251,52.2085,0.014531886904047301,50.5227,203.3532,69.9314,0.00027888535987585783,11.346803,Yes,Yes,Yes,Yes,Yes,120,13,120,0,2|17|5|3|3|7|5|17|19|0,ag_full_true_sac_marginsel,13.44,73,A,improving,improving,0,0,medium
539,32.5156,11.8495,53.0659,0.012101255028137772,48.3625,222.5093,65.4238,0.0003271504829172045,19.471165,Yes,Yes,Yes,Yes,Yes,120,3,120,0,1|16|3|4|9|1|9|6|15|52,ag_full_true_sac_marginsel,13.055,55,A,passed,passed,0,0,medium
540,39.7228,12.7438,54.4409,0.007287053870169752,60.7161,179.7763,69.4405,0.00022053391148801893,14.880761,Yes,Yes,Yes,Yes,Yes,120,23,120,0,1|6|6|3|7|6|10|1|17|11,ag_full_true_sac_marginsel,13.135,46,A,improving,hopeless,0,0,medium
541,34.9199,13.4637,55.2586,0.011872689956071244,41.3691,234.4883,64.6819,0.000335829914547503,17.743293,Yes,Yes,Yes,Yes,Yes,120,18,120,0,1|14|8|3|5|5|0|17|17|67,ag_full_true_sac_marginsel,13.76,37,A,improving,improving,0,0,medium
542,39.015,21.034,55.5186,0.007678623912499568,55.7269,148.6869,80.6168,0.00022405189520213753,7.920119,Yes,Yes,Yes,Yes,Yes,120,14,120,0,3|14|6|3|14|0|12|14|6|22,ag_full_true_sac_marginsel,14.374,48,A,improving,improving,0,0,medium
543,33.5542,14.8013,50.5514,0.006842351130033175,39.6108,287.0813,62.5714,0.0004551534366328269,19.747424,Yes,Yes,Yes,Yes,Yes,120,4,120,0,0|5|7|2|16|1|7|8|36|20,ag_full_true_sac_marginsel,12.251,43,A,improving,passed,0,0,medium
544,35.4286,9.8304,53.4926,0.010302169335980412,45.207,205.0025,66.9213,0.0002795604814309627,21.353877,Yes,Yes,Yes,Yes,Yes,120,10,120,0,1|10|8|4|13|2|9|5|6|51,ag_full_true_sac_marginsel,13.517,47,A,improving,improving,0,0,easy
545,41.8401,22.4501,54.8317,0.008194048143082139,49.7851,246.6928,73.8748,0.00038146565202623606,11.479116,Yes,Yes,Yes,Yes,Yes,120,13,120,0,1|7|6|1|6|8|12|17|38|5,ag_full_true_sac_marginsel,14.682,22,A,improving,stalled,0,0,medium
546,43.8552,18.6823,50.1085,0.008401030478734339,60.8128,183.323,77.8118,0.00031599978683516383,10.714575,Yes,Yes,Yes,Yes,Yes,120,3,120,0,1|11|3|1|0|5|9|9|25|66,ag_full_true_sac_marginsel,13.365,32,A,passed,stalled,0,0,medium
547,28.8131,18.084,52.2395,0.008777395197948087,34.1038,298.8902,56.7613,0.000334561598720029,16.759908,Yes,Yes,Yes,Yes,Yes,120,1,120,0,0|6|5|3|8|1|2|7|16|8,ag_full_true_sac_marginsel,12.604,53,A,passed,passed,0,0,medium
548,45.0812,20.0105,53.6732,0.008114256658264226,53.904,200.3449,74.542,0.000271733442787081,10.563002,Yes,Yes,Yes,Yes,Yes,120,23,120,0,2|13|1|3|12|3|11|15|0|25,ag_full_true_sac_marginsel,14.571,23,B,improving,improving,0,0,medium
549,33.2274,18.1529,52.8171,0.0056093326764290585,54.5332,210.6079,68.1544,0.00029017755878157914,12.481758,Yes,Yes,Yes,Yes,Yes,120,12,120,0,1|12|3|3|2|7|10|4|22|10,ag_full_true_sac_marginsel,13.61,43,A,improving,improving,0,0,medium
550,35.6015,18.1439,51.5291,0.005254990380966745,47.2486,208.0531,65.789,0.00026920437812805176,12.019467,Yes,Yes,Yes,Yes,Yes,120,12,120,0,1|8|1|4|12|7|7|10|9|77,ag_full_true_sac_marginsel,14.237,40,A,improving,improving,0,0,medium
551,31.632,16.1314,52.9232,0.01382111790290605,36.5204,312.0151,59.4205,0.0005973082152195275,19.576146,Yes,Yes,Yes,Yes,Yes,120,2,120,0,0|6|6|2|16|7|7|16|29|91,ag_full_true_sac_marginsel,13.041,41,B,passed,improving,0,0,medium
552,45.139,15.9791,51.1183,0.011849844616534617,57.7559,174.8724,74.3017,0.0002639736048877239,11.65457,Yes,Yes,Yes,Yes,Yes,120,43,120,0,2|11|3|4|16|6|10|15|21|94,ag_full_true_sac_marginsel,13.678,33,A,improving,stalled,0,0,medium
553,41.2969,15.3782,54.6055,0.013544589140232401,70.4602,81.775,96.0111,0.00018959323642775416,6.768044,Yes,Yes,Yes,Yes,Yes,120,10,120,0,4|14|2|1|4|2|12|16|1|1,ag_full_true_sac_marginsel,13.872,41,A,improving,improving,0,0,medium
554,42.4864,24.6688,51.0666,0.010130351825349156,52.2646,258.5725,64.0933,0.0003804971056524664,10.929432,Yes,Yes,Yes,Yes,Yes,120,5,120,0,1|12|2|3|13|4|12|13|22|38,ag_full_true_sac_marginsel,14.313,26,A,improving,passed,0,0,medium
555,37.5634,17.4642,50.935,0.005373361030332207,49.4589,205.5042,68.7806,0.0002509519108571112,12.387523,Yes,Yes,Yes,Yes,Yes,120,11,120,0,2|12|6|2|7|2|9|14|3|63,ag_full_true_sac_marginsel,13.569,28,A,improving,stalled,0,0,medium
556,38.2625,11.8591,52.8032,0.006404272737628583,49.4805,138.2864,66.3835,0.0003822610015049577,12.151458,Yes,Yes,Yes,Yes,Yes,120,3,120,0,0|8|6|1|2|1|4|4|2|70,ag_full_true_sac_marginsel,13.031,47,A,passed,passed,0,0,medium
557,29.588,19.6376,52.9654,0.01245784708241963,47.9959,122.5959,87.4172,0.00022023863857612014,7.497839,Yes,Yes,Yes,Yes,Yes,120,1,120,0,2|10|7|2|4|6|2|16|25|98,ag_full_true_sac_marginsel,14.056,83,B,passed,improving,0,0,medium
558,45.5252,18.989,53.2633,0.00786193989116796,55.3609,214.4368,71.1412,0.00030890005291439593,11.80512,Yes,Yes,Yes,Yes,Yes,120,4,120,0,2|17|2|3|8|5|12|16|24|92,ag_full_true_sac_marginsel,13.226,55,A,improving,passed,0,0,medium
559,32.7109,23.722,51.0272,0.007902239420124402,59.1362,224.6209,56.9065,0.0002520437410566956,10.360035,Yes,Yes,Yes,Yes,Yes,120,20,120,0,2|15|7|3|2|7|7|12|10|86,ag_full_true_sac_marginsel,13.894,57,A,improving,improving,0,0,medium
560,37.124,17.1575,48.7807,0.008441009930252857,43.1411,277.8047,57.2946,0.0005284285871312022,16.465448,Yes,Yes,Yes,Yes,Yes,120,23,120,0,0|17|3|3|6|1|9|3|20|14,ag_full_true_sac_marginsel,13.607,35,A,improving,improving,0,0,medium
561,42.5754,14.7676,50.0342,0.012301425541779404,53.0279,273.8439,54.597,0.0003497539146337658,18.85183,Yes,Yes,Yes,Yes,Yes,120,11,120,0,1|17|2|3|3|5|2|16|33|12,ag_full_true_sac_marginsel,13.276,40,A,improving,improving,0,0,medium
562,39.8692,15.099,49.2367,0.008072718528462086,54.5867,152.3438,84.3309,0.00020042619144078344,11.146737,Yes,Yes,Yes,Yes,Yes,120,8,120,0,1|3|8|2|10|6|5|7|34|51,ag_full_true_sac_marginsel,14.048,33,A,improving,stalled,0,0,medium
563,37.1762,24.7033,49.8702,0.009816954749416325,52.4761,298.7706,58.8861,0.0005104040610603988,12.634718,Yes,Yes,Yes,Yes,Yes,120,7,120,0,0|14|2|2|3|4|10|4|6|65,ag_full_true_sac_marginsel,13.353,40,B,improving,improving,0,0,medium
564,39.6346,10.6863,53.9008,0.007985068185515342,44.9221,244.2973,63.0427,0.0002790208382066339,23.128794,Yes,Yes,Yes,Yes,Yes,120,4,120,0,1|7|6|2|9|3|9|10|2|44,ag_full_true_sac_marginsel,12.581,54,A,improving,passed,0,0,medium
565,39.8986,19.7313,55.8582,0.01235170049127165,57.2689,137.7785,86.0924,0.00022990844445303082,7.940754,Yes,Yes,Yes,Yes,Yes,120,20,120,0,2|10|3|3|10|5|9|11|36|33,ag_full_true_sac_marginsel,14.316,39,B,improving,improving,0,0,medium
566,28.7109,15.1815,52.719,0.00969219867676476,38.0174,278.105,61.0994,0.0003885429759975523,18.761712,Yes,Yes,Yes,Yes,Yes,120,1,120,0,1|17|8|2|3|3|7|17|13|89,ag_full_true_sac_marginsel,12.382,77,A,passed,passed,0,0,medium
567,41.4509,24.3432,54.6571,0.009097263809153057,57.4356,157.6807,76.3994,0.00023397858603857458,7.235112,Yes,Yes,Yes,Yes,Yes,120,3,120,0,3|17|3|4|8|7|12|14|19|18,ag_full_true_sac_marginsel,13.104,70,B,passed,improving,0,0,medium
568,29.7821,16.1504,53.2459,0.007521365587957362,51.8939,212.9969,66.1102,0.00027023482834920287,14.136434,Yes,Yes,Yes,Yes,Yes,120,1,120,0,1|10|7|3|3|7|1|12|14|29,ag_full_true_sac_marginsel,12.639,77,B,passed,improving,0,0,medium
569,39.3091,20.5289,52.6558,0.005132940882316679,48.4703,285.7286,56.8832,0.0003495841519907117,14.163603,Yes,Yes,Yes,Yes,Yes,120,7,120,0,1|13|4|2|1|7|6|15|4|40,ag_full_true_sac_marginsel,12.898,57,B,improving,improving,0,0,medium
570,33.605,23.584,51.7862,0.006679293352017864,51.6946,252.4961,62.7092,0.0002961777790915221,11.41115,Yes,Yes,Yes,Yes,Yes,120,2,120,0,1|9|3|2|7|3|12|6|23|7,ag_full_true_sac_marginsel,12.558,40,A,passed,passed,0,0,medium
571,44.3891,18.0724,55.141,0.010973818505172074,58.452,186.9572,78.4069,0.0002987781190313399,11.056442,Yes,Yes,Yes,Yes,Yes,120,8,120,0,1|12|1|3|5|6|7|9|3|34,ag_full_true_sac_marginsel,13.64,36,A,improving,improving,0,0,medium
572,39.255,19.3496,53.644,0.015030738698718954,51.3492,248.3246,66.9029,0.0003562224155757576,13.365151,Yes,Yes,Yes,Yes,Yes,120,2,120,0,1|13|3|2|6|3|10|11|19|56,ag_full_true_sac_marginsel,13.031,63,A,passed,passed,0,0,medium
573,41.606,11.5084,53.3095,0.012830597519370011,49.7895,195.3474,66.8815,0.0002687093510758132,17.404704,Yes,Yes,Yes,Yes,Yes,120,15,120,0,1|12|7|3|2|5|1|10|8|98,ag_full_true_sac_marginsel,13.177,37,A,improving,improving,0,0,medium
574,43.2743,16.0103,54.897,0.012619792884884082,52.5202,143.1937,69.5883,0.00017934896459337324,9.410886,Yes,Yes,Yes,Yes,Yes,120,44,120,0,3|13|4|4|4|8|5|13|28|35,ag_full_true_sac_marginsel,14.267,28,B,improving,improving,0,0,medium
575,46.3401,15.4963,51.7527,0.00950490244028829,64.5828,107.219,102.9202,0.00022727732721250504,8.277433,Yes,Yes,Yes,Yes,Yes,120,9,120,0,2|5|7|1|10|4|10|14|29|17,ag_full_true_sac_marginsel,14.921,29,A,stalled,improving,0,0,medium
576,35.9439,15.2555,48.7415,0.009319373753532308,44.5082,253.1975,54.4372,0.0003118087479379028,16.918827,Yes,Yes,Yes,Yes,Yes,120,4,120,0,1|14|2|4|7|4|11|6|38|13,ag_full_true_sac_marginsel,12.66,45,A,improving,passed,0,0,medium
577,39.2203,15.7684,56.3632,0.01013524322014354,57.373,243.4386,72.9961,0.00037674992927350104,16.159125,Yes,Yes,Yes,Yes,Yes,120,3,120,0,1|11|1|2|8|6|11|15|29|10,ag_full_true_sac_marginsel,13.672,56,B,passed,improving,0,0,medium
578,45.2427,19.523,54.6241,0.011047395013428276,54.9162,185.8817,70.8896,0.0002571365621406585,10.009469,Yes,Yes,Yes,Yes,Yes,120,17,120,0,2|14|4|4|13|2|11|10|9|83,ag_full_true_sac_marginsel,14.216,36,B,improving,improving,0,0,medium
579,46.1461,18.3433,53.8431,0.011409057025285404,56.6711,177.8311,71.327,0.00023063732078298926,10.227216,Yes,Yes,Yes,Yes,Yes,120,40,120,0,2|12|7|3|8|3|12|6|0|98,ag_full_true_sac_marginsel,13.806,31,A,stalled,improving,0,0,medium
580,36.3112,19.6223,56.4487,0.009469230120634721,57.1818,183.6251,73.952,0.00029940338572487235,10.211227,Yes,Yes,Yes,Yes,Yes,120,9,120,0,1|11|5|1|1|3|10|6|25|22,ag_full_true_sac_marginsel,13.501,40,A,improving,improving,0,0,medium
581,39.7833,24.6509,55.1601,0.010136079348363818,45.3551,263.2296,63.3884,0.0004111747839488089,10.926949,Yes,Yes,Yes,Yes,Yes,120,8,120,0,1|17|4|2|5|3|9|15|12|89,ag_full_true_sac_marginsel,13.952,36,A,improving,improving,0,0,medium
582,31.206,19.3255,49.9881,0.012295989954976771,33.8966,325.7756,54.4354,0.0004074109601788223,16.999333,Yes,Yes,Yes,Yes,Yes,120,2,120,0,0|9|4|3|7|1|0|11|23|50,ag_full_true_sac_marginsel,12.238,42,B,passed,improving,0,0,medium
583,38.2848,22.4969,50.7097,0.006032971771430278,78.1062,119.7694,76.8516,0.0001561870303703472,6.853583,Yes,Yes,Yes,Yes,Yes,120,14,120,0,5|12|5|4|16|4|12|15|32|59,ag_full_true_sac_marginsel,14.829,21,B,improving,improving,0,0,medium
584,41.9229,17.4463,48.9268,0.010912376972801374,55.4077,166.6602,81.9556,0.0002466101723257452,10.526876,Yes,Yes,Yes,Yes,Yes,120,7,120,0,1|6|6|2|11|1|9|5|33|38,ag_full_true_sac_marginsel,14.519,31,A,improving,improving,0,0,medium
585,45.8126,20.4351,53.851,0.011534051119028785,53.1544,211.1008,63.0251,0.00026529160095378757,10.637945,Yes,Yes,Yes,Yes,Yes,120,24,120,0,1|11|6|2|0|5|8|4|27|55,ag_full_true_sac_marginsel,13.951,24,B,improving,improving,0,0,medium
586,43.0743,17.3043,49.182,0.009698027716919284,54.1939,271.3178,64.0121,0.0003566708182916045,16.202111,Yes,Yes,Yes,Yes,Yes,120,3,120,0,1|7|8|1|4|8|9|17|27|25,ag_full_true_sac_marginsel,13.817,36,B,passed,improving,0,0,medium
587,42.8703,11.7673,51.9999,0.007510936769255091,56.4719,154.8668,75.2006,0.00022439855092670768,13.894352,Yes,Yes,Yes,Yes,Yes,120,58,120,0,3|14|7|4|15|3|12|14|12|56,ag_full_true_sac_marginsel,14.431,25,B,improving,improving,0,0,medium
588,45.0876,21.6777,53.9105,0.011876367533533775,74.7516,84.6287,77.0797,0.0001272081135539338,4.980925,Yes,Yes,Yes,Yes,Yes,120,12,120,0,6|14|8|4|9|4|9|12|10|33,ag_full_true_sac_marginsel,14.529,36,B,improving,improving,0,0,medium
589,37.3561,18.7413,50.5381,0.005322418803960859,56.6263,217.9116,73.0791,0.0003382708237040788,12.525679,Yes,Yes,Yes,Yes,Yes,120,2,120,0,1|13|1|3|8|5|7|13|29|75,ag_full_true_sac_marginsel,14.019,41,B,passed,improving,0,0,medium
590,38.219,19.5079,54.983,0.014358831502574682,46.6326,243.6174,66.4527,0.0003621998766902834,12.891676,Yes,Yes,Yes,Yes,Yes,120,10,120,0,1|15|3|3|9|2|6|14|5|24,ag_full_true_sac_marginsel,12.598,71,A,improving,improving,0,0,medium
591,45.2697,13.2021,51.7529,0.011444756425093173,65.3461,40.3811,86.2011,0.00011359377822373062,4.157882,Yes,Yes,Yes,Yes,Yes,120,7,120,0,8|15|1|3|12|0|11|14|4|39,ag_full_true_sac_marginsel,14.278,41,A,improving,stalled,0,0,medium
592,45.25,22.4011,53.9685,0.009428498926961291,66.5757,138.31,77.2939,0.00019324154709465802,7.057258,Yes,Yes,Yes,Yes,Yes,120,4,120,0,3|10|3|4|17|4|10|13|0|92,ag_full_true_sac_marginsel,13.423,62,A,improving,passed,0,0,medium
593,32.2596,22.5472,49.7011,0.009299661341168072,34.1958,325.1788,59.0954,0.000393501715734601,14.628878,Yes,Yes,Yes,Yes,Yes,120,4,120,0,0|3|6|2|14|5|0|17|35|76,ag_full_true_sac_marginsel,13.274,29,A,improving,passed,0,0,medium
594,37.1205,23.1165,51.9974,0.005537307184804259,48.4964,268.8739,54.5835,0.0003435522667132318,11.925422,Yes,Yes,Yes,Yes,Yes,120,10,120,0,1|17|3|3|1|6|5|12|27|80,ag_full_true_sac_marginsel,13.563,51,A,improving,hopeless,0,0,medium
595,43.1561,10.3861,52.7049,0.00955002046304193,52.2164,218.3672,58.2667,0.00023558812972623855,21.315791,Yes,Yes,Yes,Yes,Yes,120,3,120,0,2|11|4|3|8|5|9|12|31|0,ag_full_true_sac_marginsel,12.95,71,A,passed,passed,0,0,medium
596,36.036,22.1066,48.9861,0.008535567162447416,47.3466,280.2927,56.5881,0.00033289595739915967,13.109195,Yes,Yes,Yes,Yes,Yes,120,4,120,0,1|12|5|2|8|0|5|15|36|13,ag_full_true_sac_marginsel,12.272,59,A,improving,passed,0,0,medium
597,40.8877,15.0456,49.0853,0.011973109076412835,57.5153,206.4568,67.569,0.00031936014420352876,14.478617,Yes,Yes,Yes,Yes,Yes,120,8,120,0,1|15|3|2|1|4|7|8|18|89,ag_full_true_sac_marginsel,14.654,26,A,improving,improving,0,0,medium
598,42.1342,17.8196,49.0324,0.011747954503683197,52.6446,220.4004,64.2654,0.00029575813096016645,12.903342,Yes,Yes,Yes,Yes,Yes,120,7,120,0,1|9|5|4|16|3|3|14|16|35,ag_full_true_sac_marginsel,14.437,32,A,improving,stalled,0,0,medium
599,30.2241,19.3149,50.8328,0.007223907961723182,75.9382,85.4003,89.5667,0.0001481481594964862,6.675454,Yes,Yes,Yes,Yes,Yes,120,1,120,0,6|14|8|2|10|0|12|17|16|43,ag_full_true_sac_marginsel,11.745,97,A,passed,passed,0,0,medium
600,33.1485,16.2466,49.7813,0.013379454297770411,39.5833,256.3549,67.9829,0.0005617238930426538,16.296732,Yes,Yes,Yes,Yes,Yes,120,4,120,0,0|9|8|1|2|5|12|7|6|3,ag_full_true_sac_marginsel,13.424,52,A,improving,passed,0,0,medium
601,34.172,25.104,53.399,0.0071558590185822136,38.2277,254.0528,75.086,0.0005044113495387137,10.574333,Yes,Yes,Yes,Yes,Yes,120,2,120,0,0|4|7|1|11|5|5|14|14|35,ag_full_true_sac_marginsel,13.339,34,A,passed,stalled,0,0,medium
602,33.0633,9.8002,53.1384,0.009072242860121081,36.3166,318.9108,58.1755,0.00042011472396552563,32.688256,Yes,Yes,Yes,Yes,Yes,120,2,120,0,0|8|5|2|4|3|4|8|8|81,ag_full_true_sac_marginsel,12.704,43,B,passed,improving,0,0,easy
603,29.8062,16.3122,51.2476,0.01299103086596981,40.9617,290.8639,66.8867,0.0005553237861022353,18.467799,Yes,Yes,Yes,Yes,Yes,120,1,120,0,0|15|2|2|0|8|9|8|33|56,ag_full_true_sac_marginsel,12.808,80,B,passed,improving,0,0,medium
604,31.5804,13.1324,54.1537,0.01276828363825505,35.2596,291.2424,61.0389,0.000569536117836833,22.376365,Yes,Yes,Yes,Yes,Yes,120,3,120,0,0|13|4|3|5|7|6|10|12|68,ag_full_true_sac_marginsel,12.628,73,A,passed,passed,0,0,medium
605,34.6656,15.6639,53.5048,0.005091333488867728,43.2748,250.8376,60.2148,0.00035337687586434186,16.31812,Yes,Yes,Yes,Yes,Yes,120,9,120,0,1|12|6|4|13|6|5|16|20|92,ag_full_true_sac_marginsel,12.513,44,A,improving,stalled,0,0,medium
606,30.0567,16.9094,55.1564,0.009114198525894178,39.9137,234.4842,68.0839,0.00039284516242332757,14.386347,Yes,Yes,Yes,Yes,Yes,120,1,120,0,1|17|3|4|12|3|7|15|26|64,ag_full_true_sac_marginsel,13.213,64,B,passed,improving,0,0,medium
607,37.9068,22.4386,56.1389,0.008784895896549558,61.0783,53.1739,84.0623,0.00011723385978257284,3.465086,Yes,Yes,Yes,Yes,Yes,120,11,120,0,3|7|2|3|1|8|2|7|10|36,ag_full_true_sac_marginsel,14.562,34,A,improving,improving,0,0,medium
608,37.4353,24.8058,49.9916,0.012335225207336261,47.5985,306.3941,54.1626,0.00040084196371026337,12.674131,Yes,Yes,Yes,Yes,Yes,120,30,120,0,1|14|6|2|4|6|8|17|20|98,ag_full_true_sac_marginsel,13.51,38,A,improving,improving,0,0,medium
609,30.3647,18.6975,51.7714,0.006302525371733091,55.1673,216.7493,64.7128,0.0002632617542985827,12.617444,Yes,Yes,Yes,Yes,Yes,120,1,120,0,1|8|8|3|7|6|8|6|30|95,ag_full_true_sac_marginsel,12.929,65,B,passed,improving,0,0,medium
610,30.642,19.8731,55.4763,0.009588014805691034,38.6006,270.5759,68.8271,0.00039395445492118597,14.074453,Yes,Yes,Yes,Yes,Yes,120,9,120,0,0|8|1|3|8|5|2|10|27|86,ag_full_true_sac_marginsel,13.883,46,A,improving,improving,0,0,medium
611,38.02,22.1148,49.412,0.013203223666243387,53.4585,234.9921,60.4963,0.00025502018979750574,11.237106,Yes,Yes,Yes,Yes,Yes,120,4,120,0,2|9|6|2|11|3|10|16|30|94,ag_full_true_sac_marginsel,13.094,70,A,improving,passed,0,0,medium
612,40.4429,27.0844,51.9211,0.00916922224789297,54.1744,255.3301,62.7057,0.0003535010910127312,9.935897,Yes,Yes,Yes,Yes,Yes,120,4,120,0,1|13|2|3|7|6|7|14|0|80,ag_full_true_sac_marginsel,13.517,39,A,improving,passed,0,0,medium
613,43.4099,24.1153,50.7375,0.008347140359113662,71.1345,116.6975,75.3184,0.0001567708095535636,5.943501,Yes,Yes,Yes,Yes,Yes,120,7,120,0,4|12|5|4|14|1|4|16|32|10,ag_full_true_sac_marginsel,14.606,34,A,improving,improving,0,0,medium
614,42.5742,10.4615,50.8502,0.010575260666088097,53.9077,189.6008,71.5609,0.00027192250126972795,18.771454,Yes,Yes,Yes,Yes,Yes,120,43,120,0,2|16|3|4|11|3|11|11|13|48,ag_full_true_sac_marginsel,13.879,32,A,improving,improving,0,0,medium
615,40.9639,15.9572,49.7537,0.006328919136447188,58.6021,251.5627,56.8949,0.00029969887691549957,16.291548,Yes,Yes,Yes,Yes,Yes,120,7,120,0,1|11|3|3|7|4|10|6|9|69,ag_full_true_sac_marginsel,13.364,58,B,improving,improving,0,0,medium
616,31.6527,12.0774,52.1924,0.006977376653307422,32.9879,310.7486,55.5526,0.0003346592129673809,25.788445,Yes,Yes,Yes,Yes,Yes,120,3,120,0,0|4|6|3|15|0|0|12|18|26,ag_full_true_sac_marginsel,12.502,47,A,passed,passed,0,0,medium
617,33.4113,13.625,51.4016,0.014452837042163512,42.3087,236.2245,68.9557,0.0004150905879214406,17.916665,Yes,Yes,Yes,Yes,Yes,120,3,120,0,1|16|2|4|14|5|12|14|7|69,ag_full_true_sac_marginsel,12.143,103,A,passed,passed,0,0,medium
618,44.8429,18.1738,50.3082,0.007381278062468754,73.7148,115.1087,83.6858,0.00017292873235419393,7.617644,Yes,Yes,Yes,Yes,Yes,120,4,120,0,5|17|5|2|5|3|11|17|9|34,ag_full_true_sac_marginsel,14.323,38,A,improving,passed,0,0,medium
619,40.4562,23.1186,48.9915,0.010286148128476263,75.3698,146.8727,71.98,0.0001799367746571079,7.667763,Yes,Yes,Yes,Yes,Yes,120,28,120,0,4|16|4|3|5|5|11|12|10|6,ag_full_true_sac_marginsel,14.547,35,A,improving,improving,0,0,medium
620,28.0716,18.9545,54.0159,0.009364710096926986,43.5903,206.7,79.1131,0.0003448242205195129,11.885717,Yes,Yes,Yes,Yes,Yes,120,1,120,0,1|10|4|2|11|2|10|12|14|36,ag_full_true_sac_marginsel,12.925,75,B,passed,improving,0,0,medium
621,46.6427,13.6914,52.969,0.009997996909303761,55.3452,207.7671,68.7686,0.0002979189157485962,15.630082,Yes,Yes,Yes,Yes,Yes,120,15,120,0,1|11|2|4|9|6|3|13|5|39,ag_full_true_sac_marginsel,14.315,27,A,stalled,stalled,0,0,medium
622,36.3166,16.6896,53.0416,0.015760147645398553,48.968,216.6196,64.6227,0.00028552705771289766,13.527888,Yes,Yes,Yes,Yes,Yes,120,4,120,0,2|17|6|4|6|8|6|17|0|48,ag_full_true_sac_marginsel,13.118,74,A,improving,passed,0,0,medium
623,45.5903,17.9872,54.5519,0.007768755971658734,55.6303,164.4593,68.7602,0.0002228822122560814,9.595136,Yes,Yes,Yes,Yes,Yes,120,10,120,0,2|15|6|4|2|7|1|13|24|87,ag_full_true_sac_marginsel,13.439,19,B,stalled,improving,0,0,medium
624,40.4271,15.1712,54.2863,0.014879194635567743,47.1183,189.0745,56.5267,0.00021842906426172704,12.654816,Yes,Yes,Yes,Yes,Yes,120,5,120,0,2|15|6|4|2|6|5|10|22|54,ag_full_true_sac_marginsel,13.457,50,A,improving,passed,0,0,medium
625,37.0117,9.4811,51.5605,0.012887344752546891,45.4671,220.4162,62.6718,0.000274092482868582,23.670756,Yes,Yes,Yes,Yes,Yes,120,7,120,0,2|17|4|3|8|1|8|16|29|50,ag_full_true_sac_marginsel,12.856,47,A,improving,stalled,0,0,easy
626,41.9878,19.962,56.0077,0.012323812700422486,49.1115,228.7599,72.1719,0.0003639850183390081,11.888473,Yes,Yes,Yes,Yes,Yes,120,13,120,0,1|12|2|3|10|6|9|14|3|33,ag_full_true_sac_marginsel,13.24,31,A,improving,improving,0,0,medium
627,43.2685,22.231,55.5893,0.011061522472029812,57.8182,167.9075,80.2573,0.00026576450909487903,8.308853,Yes,Yes,Yes,Yes,Yes,120,4,120,0,2|9|4|3|17|5|10|17|15|80,ag_full_true_sac_marginsel,14.241,26,A,improving,passed,0,0,medium
628,42.0868,16.4883,51.1939,0.014992241184952907,71.5318,142.2198,79.1717,0.0001850715052569285,9.859283,Yes,Yes,Yes,Yes,Yes,120,4,120,0,3|9|4|3|10|7|10|12|18|86,ag_full_true_sac_marginsel,13.505,67,A,improving,passed,0,0,medium
629,39.6884,25.9141,53.0368,0.0067415824519642745,54.4201,198.7563,78.9574,0.00025730248307809234,8.491568,Yes,Yes,Yes,Yes,Yes,120,35,120,0,1|5|2|2|12|4|1|16|14|83,ag_full_true_sac_marginsel,14.036,28,A,improving,improving,0,0,medium
630,37.5497,24.3092,53.5763,0.0057209381158198815,39.9447,273.9026,56.7416,0.00033256219467148185,11.332157,Yes,Yes,Yes,Yes,Yes,120,11,120,0,1|14|4|3|2|7|3|17|20|32,ag_full_true_sac_marginsel,13.218,49,A,improving,improving,0,0,medium
631,36.6199,25.0795,52.1253,0.005935147659025874,53.7023,194.1356,67.4042,0.00026025291299447417,8.45655,Yes,Yes,Yes,Yes,Yes,120,19,120,0,2|12|8|4|13|6|6|17|2|56,ag_full_true_sac_marginsel,13.643,42,A,improving,improving,0,0,medium
632,47.1658,21.3847,52.3468,0.009027159093010852,74.1223,171.3652,77.1292,0.0002169113140553236,9.034375,Yes,Yes,Yes,Yes,Yes,120,6,120,0,3|14|3|2|3|6|12|13|0|3,ag_full_true_sac_marginsel,13.745,31,A,improving,passed,0,0,medium
633,43.9629,14.8562,55.4385,0.011931510362328805,53.9972,234.3811,66.4129,0.0002958301920443773,16.178048,Yes,Yes,Yes,Yes,Yes,120,13,120,0,1|9|6|2|10|0|6|11|11|21,ag_full_true_sac_marginsel,13.739,35,B,improving,improving,0,0,medium
634,39.8396,19.3517,51.783,0.015756214631606483,56.9096,226.5539,58.8625,0.0002631220268085599,12.255693,Yes,Yes,Yes,Yes,Yes,120,5,120,0,2|16|7|3|2|7|7|13|2|60,ag_full_true_sac_marginsel,13.751,38,A,improving,passed,0,0,medium
635,33.0353,9.8708,53.8587,0.011942456398952065,42.5689,229.9638,67.5864,0.0003481676976662129,23.811726,Yes,Yes,Yes,Yes,Yes,120,13,120,0,1|9|8|3|15|6|7|16|38|68,ag_full_true_sac_marginsel,13.12,52,A,improving,stalled,0,0,easy
636,42.2828,21.9446,51.1319,0.014536746091950194,57.6148,159.7476,72.172,0.00021310824376996607,8.039002,Yes,Yes,Yes,Yes,Yes,120,19,120,0,2|12|7|3|2|7|4|11|1|2,ag_full_true_sac_marginsel,14.5,48,A,improving,improving,0,0,medium
637,37.2712,15.6231,51.8286,0.015841817740405658,47.1127,204.9216,65.8865,0.00026533828349784017,13.635084,Yes,Yes,Yes,Yes,Yes,120,3,120,0,2|16|8|2|5|1|9|13|13|68,ag_full_true_sac_marginsel,13.759,50,B,passed,improving,0,0,medium
638,30.0618,20.0815,49.4148,0.009837496750673832,41.6982,266.4537,58.0173,0.0003751200856640935,13.791661,Yes,Yes,Yes,Yes,Yes,120,1,120,0,1|17|8|3|9|0|10|9|8|60,ag_full_true_sac_marginsel,11.898,76,A,passed,passed,0,0,medium
639,35.4084,8.2302,53.3042,0.009062980391916081,46.4078,203.702,77.455,0.0003126183000858873,25.479765,Yes,Yes,Yes,Yes,Yes,120,3,120,0,1|9|5|2|8|4|6|13|23|54,ag_full_true_sac_marginsel,13.975,48,B,passed,improving,0,0,easy
640,30.2231,20.8272,54.6319,0.013022198692749839,36.9472,312.2604,58.8488,0.0005455728969536722,15.250687,Yes,Yes,Yes,Yes,Yes,120,1,120,0,0|8|6|2|14|0|4|14|21|8,ag_full_true_sac_marginsel,12.5,48,A,passed,passed,0,0,medium
641,39.2577,18.2191,55.2872,0.014760338130975277,70.0164,59.3944,94.6296,0.00014020164962857962,4.745621,Yes,Yes,Yes,Yes,Yes,120,13,120,0,4|7|5|3|17|2|5|15|16|62,ag_full_true_sac_marginsel,14.001,42,A,improving,stalled,0,0,medium
642,45.2956,11.71,53.0934,0.011809904568322623,74.7327,48.6184,92.1583,0.00012891959340777248,5.526611,Yes,Yes,Yes,Yes,Yes,120,15,120,0,7|15|1|3|10|3|11|16|34|47,ag_full_true_sac_marginsel,14.566,38,A,improving,improving,0,0,medium
643,31.0792,19.6178,55.9564,0.011384512682283179,39.3253,258.9348,62.5451,0.00034910227986983955,13.551387,Yes,Yes,Yes,Yes,Yes,120,7,120,0,0|8|1|4|7|6|1|8|38|92,ag_full_true_sac_marginsel,13.066,55,A,improving,stalled,0,0,medium
644,47.7803,19.2398,52.2811,0.011604919549615154,62.589,206.3888,57.0947,0.00023544604482594877,11.108911,Yes,Yes,Yes,Yes,Yes,120,4,120,0,2|11|4|4|9|8|5|15|10|45,ag_full_true_sac_marginsel,13.879,30,A,improving,passed,0,0,medium
645,33.6171,13.544,55.083,0.013795026627281793,35.0351,243.2658,57.1034,0.0002722994249779731,18.020262,Yes,Yes,Yes,Yes,Yes,120,3,120,0,1|12|7|4|1|8|4|11|16|51,ag_full_true_sac_marginsel,12.685,25,A,passed,passed,0,0,medium
646,30.0449,25.0733,52.2197,0.011545989720588451,44.0872,226.2054,74.6023,0.0004037816252093762,9.882808,Yes,Yes,Yes,Yes,Yes,120,1,120,0,0|5|5|1|2|6|6|6|32|91,ag_full_true_sac_marginsel,13.036,78,A,passed,passed,0,0,medium
647,40.2728,23.8197,52.7136,0.01490637281927608,58.8371,204.5036,66.7652,0.00025267736054956913,9.296056,Yes,Yes,Yes,Yes,Yes,120,10,120,0,1|8|4|3|6|6|11|2|11|2,ag_full_true_sac_marginsel,13.181,51,A,improving,improving,0,0,medium
648,38.8818,20.7079,50.9052,0.015553741035256424,47.0995,255.3776,57.2389,0.0003260368830524385,12.647168,Yes,Yes,Yes,Yes,Yes,120,2,120,0,1|14|6|4|9|3|5|11|34|16,ag_full_true_sac_marginsel,13.145,39,B,passed,improving,0,0,medium
649,40.0426,21.7484,48.7701,0.007581265807359814,54.0601,214.6273,73.5712,0.0003068144142162055,10.686792,Yes,Yes,Yes,Yes,Yes,120,12,120,0,1|6|7|2|11|7|6|15|29|65,ag_full_true_sac_marginsel,13.883,33,A,improving,improving,0,0,medium
650,42.82,19.1977,48.9751,0.012624322037776064,48.0849,200.0658,72.5199,0.0002854257763829082,11.002424,Yes,Yes,Yes,Yes,Yes,120,14,120,0,2|16|5|3|9|3|8|16|8|23,ag_full_true_sac_marginsel,13.427,20,A,improving,improving,0,0,medium
651,33.6388,27.735,52.2327,0.010922295911061744,53.6363,217.2057,72.4005,0.000307076727040112,8.783952,Yes,Yes,Yes,Yes,Yes,120,9,120,0,1|6|8|2|14|4|11|10|21|98,ag_full_true_sac_marginsel,13.634,47,A,improving,stalled,0,0,medium
652,44.6461,12.7154,49.9209,0.00942620576146126,67.0694,122.8021,72.5205,0.0001721344015095383,10.594448,Yes,Yes,Yes,Yes,Yes,120,4,120,0,2|10|5|3|1|6|1|9|16|74,ag_full_true_sac_marginsel,13.776,34,A,improving,passed,0,0,medium
653,41.2059,12.2077,49.2972,0.012187749346135665,52.9056,268.1934,54.2805,0.0003319585812278092,22.326953,Yes,Yes,Yes,Yes,Yes,120,6,120,0,1|15|5|3|5|3|11|5|5|93,ag_full_true_sac_marginsel,13.002,38,A,improving,passed,0,0,medium
654,34.3707,16.0226,48.3701,0.008106548205503635,35.9521,343.3997,58.3161,0.0004564151167869568,21.627571,Yes,Yes,Yes,Yes,Yes,120,12,120,0,0|7|3|2|10|1|10|6|38|53,ag_full_true_sac_marginsel,13.017,38,A,improving,improving,0,0,medium
655,37.4596,22.8203,50.7372,0.015100565984027935,67.6044,163.8954,74.9117,0.0002267816598759964,8.448183,Yes,Yes,Yes,Yes,Yes,120,20,120,0,3|16|1|4|11|5|12|14|26|98,ag_full_true_sac_marginsel,14.357,44,A,improving,improving,0,0,medium
656,33.3965,14.0223,56.4495,0.010817088827608302,45.7309,259.7572,62.1903,0.0003877751005347818,18.959825,Yes,Yes,Yes,Yes,Yes,120,3,120,0,1|10|5|3|16|6|10|17|32|43,ag_full_true_sac_marginsel,12.812,47,B,passed,improving,0,0,medium
657,34.5797,17.2028,55.5677,0.014487961937272288,39.5377,196.7743,71.5872,0.00033688932307995856,11.846941,Yes,Yes,Yes,Yes,Yes,120,2,120,0,1|17|4|4|9|1|7|8|13|86,ag_full_true_sac_marginsel,11.779,51,A,passed,passed,0,0,medium
658,30.503,17.6469,52.831,0.005320499537742264,34.063,278.1754,58.6147,0.0003221545193810016,15.929073,Yes,Yes,Yes,Yes,Yes,120,10,120,0,1|13|8|3|7|2|10|11|16|74,ag_full_true_sac_marginsel,13.285,44,A,improving,improving,0,0,medium
659,37.1306,18.0343,55.742,0.014631704909785926,44.3674,176.0132,63.3374,0.00020189977658446878,10.077271,Yes,Yes,Yes,Yes,Yes,120,7,120,0,2|9|6|4|14|2|4|15|28|5,ag_full_true_sac_marginsel,13.029,42,A,improving,improving,0,0,medium
660,33.7453,15.6296,55.747,0.006324340602812794,37.7533,257.0655,67.1638,0.0005025010323151946,16.691506,Yes,Yes,Yes,Yes,Yes,120,8,120,0,0|10|2|4|14|6|6|9|4|27,ag_full_true_sac_marginsel,13.659,32,A,improving,improving,0,0,medium
661,41.8824,17.3642,49.407,0.006070119585146321,66.7046,181.0101,89.4021,0.0003781343111768365,11.764177,Yes,Yes,Yes,Yes,Yes,120,8,120,0,1|13|1|1|0|7|11|14|3|44,ag_full_true_sac_marginsel,13.952,41,A,improving,stalled,0,0,medium
662,44.6233,17.252,55.9607,0.008669623832632705,58.8813,71.0715,96.0065,0.00017327726527582854,5.134749,Yes,Yes,Yes,Yes,Yes,120,4,120,0,3|7|6|2|15|0|8|13|27|90,ag_full_true_sac_marginsel,13.668,16,A,improving,passed,0,0,medium
663,38.4969,25.957,50.9486,0.006424598730278127,60.8471,182.4447,81.0631,0.000246647308813408,8.161984,Yes,Yes,Yes,Yes,Yes,120,4,120,0,2|9|6|1|6|2|7|17|33|42,ag_full_true_sac_marginsel,13.883,48,A,improving,passed,0,0,medium
664,46.2426,12.5422,52.4397,0.007847664625196676,57.4046,213.8736,72.9881,0.00028890700195915997,17.64869,Yes,Yes,Yes,Yes,Yes,120,14,120,0,1|6|5|2|11|5|7|12|31|29,ag_full_true_sac_marginsel,14.561,30,A,improving,improving,0,0,medium
665,40.2182,8.6402,51.7183,0.012679391962497585,53.0766,69.7127,111.0002,0.00022435811115428805,9.516658,Yes,Yes,Yes,Yes,Yes,120,16,120,0,1|2|5|1|9|8|7|9|8|33,ag_full_true_sac_marginsel,12.864,32,A,improving,improving,0,0,easy
666,31.6191,14.0334,51.6317,0.00538561220005401,43.3744,301.1953,55.0756,0.0003736476064659655,21.831775,Yes,Yes,Yes,Yes,Yes,120,4,120,0,1|14|6|2|0|8|7|17|34|10,ag_full_true_sac_marginsel,13.354,65,A,improving,passed,0,0,medium
667,30.2531,19.9791,49.5633,0.007467110268188636,43.0572,258.6229,57.0034,0.00040174968307837844,13.464183,Yes,Yes,Yes,Yes,Yes,120,1,120,0,0|15|2|4|5|1|7|0|33|35,ag_full_true_sac_marginsel,12.691,71,A,passed,passed,0,0,medium
668,37.3705,13.8549,54.4272,0.015386038218031653,52.9019,185.5491,82.3105,0.00029250947409309447,14.301162,Yes,Yes,Yes,Yes,Yes,120,6,120,0,0|2|5|2|16|1|2|6|11|58,ag_full_true_sac_marginsel,12.916,45,A,improving,passed,0,0,medium
669,30.9887,24.6088,51.0601,0.0129990803690063,44.2324,224.9347,66.9417,0.0003184206143487245,9.854337,Yes,Yes,Yes,Yes,Yes,120,2,120,0,1|13|6|3|6|4|11|5|2|15,ag_full_true_sac_marginsel,13.645,71,A,passed,stalled,0,0,medium
670,44.6587,20.2591,49.0251,0.011274230359128383,75.0662,68.5113,90.3653,0.00013340730220079422,4.894046,Yes,Yes,Yes,Yes,Yes,120,4,120,0,6|11|8|3|10|6|11|15|1|43,ag_full_true_sac_marginsel,14.113,53,A,improving,passed,0,0,medium
671,45.4786,16.6069,55.2615,0.0075734190789004,57.7619,197.4035,72.9455,0.0002585789479780942,12.442802,Yes,Yes,Yes,Yes,Yes,120,7,120,0,2|12|5|2|3|7|9|14|37|79,ag_full_true_sac_marginsel,13.923,28,B,improving,improving,0,0,medium
672,30.2567,18.6687,48.8295,0.009438622853081474,32.9686,345.6219,60.0344,0.0005716480081900954,18.772018,Yes,Yes,Yes,Yes,Yes,120,1,120,0,0|12|5|2|0|8|10|9|38|86,ag_full_true_sac_marginsel,12.512,55,A,passed,passed,0,0,medium
673,42.6483,10.5778,50.3062,0.007764225120756066,48.25,224.8472,60.3047,0.00025007635122165084,21.554353,Yes,Yes,Yes,Yes,Yes,120,3,120,0,1|7|3|3|7|7|12|3|10|0,ag_full_true_sac_marginsel,14.205,29,B,passed,improving,0,0,medium
674,37.0858,15.6762,56.4221,0.013631350245824632,43.7422,228.9908,64.7874,0.0002800430520437658,14.914715,Yes,Yes,Yes,Yes,Yes,120,14,120,0,1|10|7|2|3|4|5|11|31|18,ag_full_true_sac_marginsel,14.16,40,A,improving,improving,0,0,medium
675,42.7154,19.4897,54.2747,0.0049650153611866185,56.4963,175.6836,72.5689,0.00023222173331305385,9.627086,Yes,Yes,Yes,Yes,Yes,120,25,120,0,3|16|7|3|11|1|9|17|25|77,ag_full_true_sac_marginsel,15.048,37,A,improving,improving,0,0,medium
676,42.3329,11.9095,54.5185,0.01388318497413727,63.2106,81.9259,111.8901,0.00026367951068095863,8.405589,Yes,Yes,Yes,Yes,Yes,120,14,120,0,1|3|2|1|13|4|7|12|32|0,ag_full_true_sac_marginsel,15.129,21,A,improving,stalled,0,0,medium
677,38.3285,17.3274,53.1741,0.003739501098753058,55.7478,254.6503,55.8817,0.0003147214883938432,15.117614,Yes,Yes,Yes,Yes,Yes,120,2,120,0,1|14|4|3|8|0|3|12|36|84,ag_full_true_sac_marginsel,13.97,34,B,passed,improving,0,0,medium
678,41.9363,16.3838,52.1815,0.015966351801646902,47.7046,240.4194,64.0794,0.0003391336358617991,15.018503,Yes,Yes,Yes,Yes,Yes,120,2,120,0,1|15|4|3|4|5|2|15|28|61,ag_full_true_sac_marginsel,14.061,37,B,passed,improving,0,0,medium
679,36.758,7.0075,51.8986,0.010479278693180747,43.9697,263.6852,59.5824,0.0003519809397403151,37.939492,Yes,Yes,Yes,Yes,Yes,120,2,120,0,1|14|7|3|10|1|4|15|25|94,ag_full_true_sac_marginsel,14.704,25,A,passed,stalled,0,0,easy
680,38.3692,19.1896,55.8687,0.005453603915407336,65.158,74.2719,77.7062,0.0001235858362633735,4.936826,Yes,Yes,Yes,Yes,Yes,120,7,120,0,6|15|5|4|11|0|10|9|7|50,ag_full_true_sac_marginsel,13.38,85,A,improving,improving,0,0,medium
681,38.4275,24.6151,48.5755,0.01063650580546822,48.5434,278.2328,60.4371,0.00035776689765043557,11.777148,Yes,Yes,Yes,Yes,Yes,120,11,120,0,0|4|7|2|7|6|9|1|30|92,ag_full_true_sac_marginsel,15.067,26,A,improving,stalled,0,0,medium
682,31.6524,14.4026,48.6264,0.00914184717827701,44.105,263.521,63.8862,0.00037021568277850747,18.963448,Yes,Yes,Yes,Yes,Yes,120,2,120,0,1|12|7|2|7|4|6|17|1|98,ag_full_true_sac_marginsel,14.098,64,B,passed,improving,0,0,medium
683,44.982,13.0088,50.4631,0.007107131802873678,59.2602,174.2776,71.5787,0.0002247076336061582,14.101167,Yes,Yes,Yes,Yes,Yes,120,10,120,0,3|13|8|3|10|5|10|17|16|0,ag_full_true_sac_marginsel,14.422,33,A,improving,stalled,0,0,medium
684,48.3852,15.1698,52.4308,0.008664158824966297,66.1681,124.4666,73.7758,0.00015813173376955092,8.961254,Yes,Yes,Yes,Yes,Yes,120,23,120,0,5|16|8|3|6|4|10|14|10|94,ag_full_true_sac_marginsel,15.106,37,A,stalled,improving,0,0,medium
685,33.8421,17.1153,56.5805,0.013150148455441539,38.0662,342.4282,61.97,0.000660591758787632,20.177031,Yes,Yes,Yes,Yes,Yes,120,3,120,0,0|16|2|2|10|1|10|14|0|63,ag_full_true_sac_marginsel,13.477,41,B,passed,improving,0,0,medium
686,33.0748,21.2638,50.6511,0.004886276242559403,52.115,276.8061,65.4026,0.0004087210400030017,13.801002,Yes,Yes,Yes,Yes,Yes,120,9,120,0,0|2|8|1|17|1|4|11|34|28,ag_full_true_sac_marginsel,13.393,34,A,improving,improving,0,0,medium
687,43.656,24.8047,55.207,0.008494985605334291,49.7355,264.841,60.6993,0.0003511116956360638,10.874442,Yes,Yes,Yes,Yes,Yes,120,12,120,0,1|12|4|3|13|1|9|12|9|7,ag_full_true_sac_marginsel,13.686,32,A,improving,stalled,0,0,medium
688,35.4523,26.9426,54.5601,0.00736585314860971,62.5158,148.3007,82.8915,0.00022292512585408986,6.756701,Yes,Yes,Yes,Yes,Yes,120,11,120,0,2|10|2|3|12|2|6|13|10|16,ag_full_true_sac_marginsel,14.154,40,A,improving,improving,0,0,medium
689,29.2492,18.5637,54.8566,0.006647502283691215,30.8401,283.0972,60.1258,0.00034701579716056585,15.348267,Yes,Yes,Yes,Yes,Yes,120,1,120,0,1|16|6|4|9|1|11|12|6|12,ag_full_true_sac_marginsel,12.678,53,B,passed,improving,0,0,medium
690,42.9979,20.7721,55.2671,0.014345784231378087,70.1325,109.3861,90.5876,0.00017939509416464716,6.523668,Yes,Yes,Yes,Yes,Yes,120,8,120,0,4|9|6|3|16|6|12|17|36|73,ag_full_true_sac_marginsel,13.753,58,B,improving,improving,0,0,medium
691,33.5222,9.0029,51.1903,0.01298107516756798,35.7082,231.9332,62.2315,0.0003086029610130936,26.019238,Yes,Yes,Yes,Yes,Yes,120,2,120,0,1|16|8|3|3|2|9|6|13|42,ag_full_true_sac_marginsel,12.868,73,B,passed,improving,0,0,easy
692,35.1267,15.0478,49.082,0.014441572787437632,63.4345,209.1345,71.7242,0.00025723196449689567,15.147433,Yes,Yes,Yes,Yes,Yes,120,3,120,0,0|2|3|2|5|8|6|0|32|56,ag_full_true_sac_marginsel,13.23,34,B,passed,improving,0,0,medium
693,43.579,23.5061,55.5534,0.012501916517764897,60.6424,37.2537,86.9341,0.00011192780220881104,2.532319,Yes,Yes,Yes,Yes,Yes,120,11,120,0,5|7|3|2|10|2|5|12|30|10,ag_full_true_sac_marginsel,14.35,32,A,improving,stalled,0,0,medium
694,36.4298,17.3032,51.6973,0.016628943897261234,39.6226,294.196,58.3664,0.00045000549289397895,17.192037,Yes,Yes,Yes,Yes,Yes,120,3,120,0,0|7|5|3|16|0|7|6|34|61,ag_full_true_sac_marginsel,13.463,29,B,passed,improving,0,0,medium
695,42.4341,14.0011,54.2707,0.0050243284379112565,51.0315,279.9524,58.4885,0.0003464030451141298,20.206445,Yes,Yes,Yes,Yes,Yes,120,4,120,0,1|10|7|2|12|0|9|13|29|27,ag_full_true_sac_marginsel,13.022,42,A,improving,passed,0,0,medium
696,46.2843,14.2505,53.7539,0.01362094697943558,59.5272,140.2813,80.6362,0.0001839569304138422,10.616668,Yes,Yes,Yes,Yes,Yes,120,4,120,0,3|10|8|2|8|2|5|16|17|84,ag_full_true_sac_marginsel,14.505,39,A,improving,passed,0,0,medium
697,48.8661,20.7109,52.6368,0.009156799244336553,67.0323,154.2185,77.1885,0.000223841707338579,8.259987,Yes,Yes,Yes,Yes,Yes,120,9,120,0,2|13|1|4|6|7|12|5|10|55,ag_full_true_sac_marginsel,14.604,28,A,improving,improving,0,0,medium
698,33.3691,14.8724,57.0421,0.009660189616228316,41.6809,226.5898,67.3667,0.00031942868372425437,15.632649,Yes,Yes,Yes,Yes,Yes,120,2,120,0,1|11|1|4|15|3|12|10|32|68,ag_full_true_sac_marginsel,12.882,40,B,passed,improving,0,0,medium
699,31.6613,14.2733,56.0041,0.012939882804368941,36.7394,263.2987,63.4715,0.0004243653384037316,18.707826,Yes,Yes,Yes,Yes,Yes,120,2,120,0,1|17|7|3|11|2|12|13|33|22,ag_full_true_sac_marginsel,12.837,68,B,passed,improving,0,0,medium
700,43.786,15.1936,55.2567,0.0060156796901807575,61.2851,183.5552,69.6991,0.0002101311692968011,12.707209,Yes,Yes,Yes,Yes,Yes,120,5,120,0,1|6|6|2|5|3|9|1|0|66,ag_full_true_sac_marginsel,13.889,38,A,improving,passed,0,0,medium
701,35.6307,24.7832,55.1978,0.006100473136203296,59.6034,199.1329,64.9831,0.00023747321392875165,8.846151,Yes,Yes,Yes,Yes,Yes,120,37,120,0,2|10|8|3|13|2|11|10|6|25,ag_full_true_sac_marginsel,13.881,33,A,improving,stalled,0,0,medium
702,33.7457,18.4634,55.7464,0.0053445197338393285,52.378,283.9736,74.2132,0.0004373942210804671,16.181924,Yes,Yes,Yes,Yes,Yes,120,3,120,0,0|4|1|1|8|5|4|12|8|29,ag_full_true_sac_marginsel,12.463,78,A,passed,passed,0,0,medium
703,39.6015,7.9073,50.4474,0.008543409657405344,53.2894,205.5146,78.7199,0.00035122749977745116,26.855502,Yes,Yes,Yes,Yes,Yes,120,2,120,0,0|6|1|3|7|7|4|5|36|40,ag_full_true_sac_marginsel,13.523,30,B,passed,improving,0,0,easy
704,31.6794,10.8224,52.5428,0.005908684188224564,52.6272,246.5854,60.271,0.0003050598897971213,23.54139,Yes,Yes,Yes,Yes,Yes,120,3,120,0,2|14|8|3|13|3|12|17|2|91,ag_full_true_sac_marginsel,12.789,53,A,passed,stalled,0,0,medium
705,28.7559,22.5296,54.4292,0.012951970750818827,49.9775,241.4195,64.7159,0.0003203096566721797,11.617892,Yes,Yes,Yes,Yes,Yes,120,1,120,0,1|10|5|3|8|7|5|14|15|82,ag_full_true_sac_marginsel,12.886,65,B,passed,improving,0,0,medium
706,28.2241,19.7482,54.2442,0.006587881526228064,41.7914,229.1898,64.5209,0.0003398399567231536,12.224171,Yes,Yes,Yes,Yes,Yes,120,1,120,0,1|16|5|4|10|1|5|11|22|72,ag_full_true_sac_marginsel,12.809,59,B,passed,improving,0,0,medium
707,37.5414,17.4902,56.0638,0.015014504271461676,59.8196,164.1545,67.2668,0.00020607656915672123,10.165066,Yes,Yes,Yes,Yes,Yes,120,7,120,0,3|15|7|4|7|6|5|16|24|0,ag_full_true_sac_marginsel,13.906,37,A,improving,improving,0,0,medium
708,31.39,26.8938,51.0601,0.012136640678664795,35.1685,303.297,56.0175,0.000647690671030432,11.441678,Yes,Yes,Yes,Yes,Yes,120,2,120,0,0|13|8|2|9|1|9|11|22|17,ag_full_true_sac_marginsel,13.222,64,B,passed,improving,0,0,medium
709,45.4251,10.1015,54.2263,0.009603236796528337,62.4172,160.7083,65.5846,0.0001952441962203011,16.472488,Yes,Yes,Yes,Yes,Yes,120,4,120,0,4|17|7|4|12|2|12|14|6|3,ag_full_true_sac_marginsel,13.345,56,A,improving,passed,0,0,medium
710,42.5032,20.0225,57.1276,0.010484987232953586,51.7585,243.1021,66.0597,0.00030926428735256195,12.486062,Yes,Yes,Yes,Yes,Yes,120,4,120,0,0|3|8|2|13|0|7|1|12|0,ag_full_true_sac_marginsel,13.21,19,A,improving,passed,0,0,medium
711,36.0964,26.9022,54.5797,0.013561359177724556,58.7968,109.4597,102.4133,0.0002480634138919413,5.555794,Yes,Yes,Yes,Yes,Yes,120,18,120,0,1|3|7|1|13|2|8|9|33|85,ag_full_true_sac_marginsel,15.075,24,A,improving,improving,0,0,medium
712,32.1105,9.7655,50.5269,0.007251842807048465,43.5286,311.6155,63.0362,0.0004573609330691397,32.449888,Yes,Yes,Yes,Yes,Yes,120,3,120,0,0|7|1|2|14|0|3|13|26|64,ag_full_true_sac_marginsel,13.036,62,B,passed,improving,0,0,easy
713,42.5109,24.0428,52.0763,0.015259378029861886,51.6946,252.4961,62.7092,0.0002961777790915221,10.90274,Yes,Yes,Yes,Yes,Yes,120,3,120,0,1|9|3|2|2|8|11|7|10|56,ag_full_true_sac_marginsel,12.741,45,A,passed,passed,0,0,medium
714,44.8915,19.2771,50.5975,0.014913674118315578,67.0256,39.5851,93.168,0.00013747702178079635,3.378678,Yes,Yes,Yes,Yes,Yes,120,9,120,0,5|13|0|4|11|5|5|16|23|1,ag_full_true_sac_marginsel,14.697,38,B,improving,stalled,0,0,medium
715,36.7263,19.554,50.6545,0.0037175139151241986,47.8645,284.3339,51.9157,0.00036367145366966724,14.771292,Yes,Yes,Yes,Yes,Yes,120,4,120,0,1|17|5|4|6|5|10|8|0|25,ag_full_true_sac_marginsel,13.143,42,A,improving,passed,0,0,medium
716,32.4274,20.1234,51.3404,0.016078177165959447,40.7728,253.6732,59.3843,0.0003537627635523677,12.997886,Yes,Yes,Yes,Yes,Yes,120,20,120,0,1|13|8|4|14|3|8|12|18|42,ag_full_true_sac_marginsel,13.48,43,A,improving,improving,0,0,medium
717,31.754,11.5377,53.6567,0.014677210544286057,58.4203,195.0209,69.0868,0.000271787605015561,18.011723,Yes,Yes,Yes,Yes,Yes,120,3,120,0,2|14|2|4|9|8|9|15|38|56,ag_full_true_sac_marginsel,13.538,56,B,passed,improving,0,0,medium
718,37.8872,21.3323,47.7638,0.007802458284273421,45.2954,311.3847,56.0914,0.0004229422484058887,14.912559,Yes,Yes,Yes,Yes,Yes,120,11,120,0,1|17|4|2|2|6|10|17|30|43,ag_full_true_sac_marginsel,14.083,45,A,improving,improving,0,0,medium
719,33.2823,10.768,52.697,0.005115539606799001,38.626,257.0834,66.8376,0.00042986730113625526,24.21952,Yes,Yes,Yes,Yes,Yes,120,3,120,0,1|16|4|3|13|2|12|15|28|78,ag_full_true_sac_marginsel,11.964,70,A,passed,passed,0,0,medium
720,27.9162,14.2174,49.9176,0.011725487293091027,31.5067,311.3712,58.9937,0.0003516808501444757,22.181091,Yes,Yes,Yes,Yes,Yes,120,1,120,0,0|6|6|3|8|2|11|0|36|4,ag_full_true_sac_marginsel,12.385,85,A,passed,passed,0,0,medium
721,39.7685,24.4457,54.8938,0.014891046000472466,52.0001,240.7905,68.567,0.0003275988274253905,10.384676,Yes,Yes,Yes,Yes,Yes,120,2,120,0,1|10|4|2|7|4|9|11|14|66,ag_full_true_sac_marginsel,13.428,66,A,passed,stalled,0,0,medium
722,37.4612,23.9566,56.9295,0.011719231749537363,47.7322,211.4644,67.1988,0.0003102548362221569,9.255074,Yes,Yes,Yes,Yes,Yes,120,13,120,0,1|13|7|2|0|6|6|9|27|77,ag_full_true_sac_marginsel,13.295,58,A,improving,improving,0,0,medium
723,32.844,14.2144,48.3927,0.012895933181854358,54.9442,236.9197,57.5752,0.00029326442745514214,17.507519,Yes,Yes,Yes,Yes,Yes,120,13,120,0,2|14|7|4|14|5|12|15|38|15,ag_full_true_sac_marginsel,13.654,69,A,improving,improving,0,0,medium
724,36.7401,12.7931,50.2061,0.004565699468373189,50.3052,232.8171,63.7776,0.000289948598947376,18.774605,Yes,Yes,Yes,Yes,Yes,120,2,120,0,2|17|5|2|0|7|10|15|36|19,ag_full_true_sac_marginsel,13.665,72,A,passed,stalled,0,0,medium
725,45.4077,18.617,49.5128,0.013795200505149152,71.2163,146.7273,73.5993,0.0002106445172103122,8.920949,Yes,Yes,Yes,Yes,Yes,120,4,120,0,2|13|4|2|1|4|9|5|23|13,ag_full_true_sac_marginsel,13.738,28,A,improving,passed,0,0,medium
726,33.838,9.0725,55.3597,0.00811468206555467,47.3918,200.7623,77.4797,0.0003202226071152836,22.889374,Yes,Yes,Yes,Yes,Yes,120,9,120,0,1|13|2|2|1|6|1|17|31|25,ag_full_true_sac_marginsel,13.463,71,A,improving,stalled,0,0,easy
727,33.3049,18.4104,57.5239,0.010216295319975626,56.5385,222.1874,68.9074,0.0003076645662076771,12.933947,Yes,Yes,Yes,Yes,Yes,120,3,120,0,1|10|2|3|12|2|2|16|34|19,ag_full_true_sac_marginsel,13.228,61,B,passed,improving,0,0,medium
728,31.1379,20.8032,51.3972,0.015766615730548387,37.6206,241.8765,67.5171,0.0004324298643041402,12.121291,Yes,Yes,Yes,Yes,Yes,120,2,120,0,0|10|3|4|6|7|6|4|2|76,ag_full_true_sac_marginsel,12.512,62,B,passed,improving,0,0,medium
729,37.4953,8.904,53.1416,0.014708750581649636,52.6408,153.879,72.1928,0.00021821883274242282,18.029641,Yes,Yes,Yes,Yes,Yes,120,22,120,0,2|14|7|4|5|5|0|14|11|54,ag_full_true_sac_marginsel,13.925,53,A,improving,improving,0,0,easy
730,44.6082,26.0226,50.5287,0.012427516936858462,63.3547,117.1285,85.8819,0.00018577069567982107,5.605987,Yes,Yes,Yes,Yes,Yes,120,14,120,0,3|9|6|3|16|1|6|16|38|16,ag_full_true_sac_marginsel,14.833,31,A,improving,improving,0,0,medium
731,31.8913,19.6926,48.262,0.007267825691215158,58.0528,97.8788,81.5777,0.0001731340162223205,6.457163,Yes,Yes,Yes,Yes,Yes,120,4,120,0,2|9|6|2|2|4|8|3|12|68,ag_full_true_sac_marginsel,12.624,79,A,improving,passed,0,0,medium
732,31.4653,25.7894,55.5623,0.011497477861548068,46.1282,269.0595,56.6462,0.00036483624717220664,10.886709,Yes,Yes,Yes,Yes,Yes,120,3,120,0,1|17|7|2|0|5|4|15|12|28,ag_full_true_sac_marginsel,13.375,53,B,passed,improving,0,0,medium
733,28.0485,15.8812,50.262,0.013543375470244154,32.5245,278.7955,61.3793,0.0003417256521061063,17.910614,Yes,Yes,Yes,Yes,Yes,120,1,120,0,1|15|8|3|3|5|8|14|4|64,ag_full_true_sac_marginsel,13.128,60,A,passed,stalled,0,0,medium
734,42.0666,21.9775,51.2455,0.004093039884685645,57.1324,184.5792,68.6833,0.00024413542996626347,9.03731,Yes,Yes,Yes,Yes,Yes,120,33,120,0,3|17|5|4|10|6|12|16|16|50,ag_full_true_sac_marginsel,13.746,41,A,improving,improving,0,0,medium
735,28.2885,25.1995,51.6035,0.007885984521702527,38.7283,309.4217,63.0767,0.0006045976188033819,12.793622,Yes,Yes,Yes,Yes,Yes,120,1,120,0,0|15|3|2|7|1|9|10|25|53,ag_full_true_sac_marginsel,12.759,71,A,passed,passed,0,0,medium
736,47.4219,25.4234,52.5633,0.009097441534344185,61.9182,65.791,78.8467,0.0001272628433071077,3.379541,Yes,Yes,Yes,Yes,Yes,120,12,120,0,6|15|6|4|4|8|9|11|31|85,ag_full_true_sac_marginsel,14.597,16,A,improving,improving,0,0,medium
737,36.5011,19.6686,57.6853,0.011907194744436562,44.4627,260.0025,72.7546,0.00032567002926953137,13.67114,Yes,Yes,Yes,Yes,Yes,120,16,120,0,0|2|5|1|8|4|0|11|22|82,ag_full_true_sac_marginsel,13.083,39,B,improving,improving,0,0,medium
738,42.2069,25.3639,49.2501,0.012868523009346317,52.9608,267.2891,64.7442,0.0003684190451167524,11.078922,Yes,Yes,Yes,Yes,Yes,120,10,120,0,1|10|3|2|13|1|11|14|29|83,ag_full_true_sac_marginsel,13.825,37,A,improving,improving,0,0,medium
739,36.4182,9.024,49.1505,0.007984844701878926,68.0221,183.0925,79.8256,0.00023062787659000605,21.752639,Yes,Yes,Yes,Yes,Yes,120,5,120,0,2|5|3|2|15|8|11|14|12|14,ag_full_true_sac_marginsel,14.122,39,A,improving,passed,0,0,easy
740,40.8264,18.6922,52.9948,0.017010998627931807,47.9841,230.2641,61.5676,0.0002835502673406154,12.639125,Yes,Yes,Yes,Yes,Yes,120,3,120,0,2|17|3|3|5|5|12|13|8|53,ag_full_true_sac_marginsel,13.446,50,B,passed,improving,0,0,medium
741,26.6994,17.7732,53.6104,0.006555194892748535,35.2101,331.6822,69.5348,0.0004979591467417777,19.201765,Yes,Yes,Yes,Yes,Yes,120,1,120,0,0|4|5|1|6|8|6|16|31|86,ag_full_true_sac_marginsel,12.732,85,B,passed,improving,0,0,medium
742,37.6616,9.1314,55.9479,0.007899736287074343,46.8132,248.5083,62.7997,0.0003299962554592639,27.538432,Yes,Yes,Yes,Yes,Yes,120,8,120,0,1|10|7|3|10|6|11|9|13|92,ag_full_true_sac_marginsel,13.442,44,A,improving,improving,0,0,easy
743,48.9138,17.8228,54.9756,0.00993057343626074,62.1373,65.5648,107.6507,0.0002214731794083491,4.884908,Yes,Yes,Yes,Yes,Yes,120,23,120,0,2|4|4|1|12|5|11|13|32|30,ag_full_true_sac_marginsel,13.986,24,A,stalled,stalled,0,0,medium
744,36.9173,7.2466,53.4677,0.013509744898292717,55.5086,200.609,73.1867,0.0002879911626223475,28.534183,Yes,Yes,Yes,Yes,Yes,120,3,120,0,1|7|4|3|16|3|7|11|33|83,ag_full_true_sac_marginsel,13.468,50,B,passed,improving,0,0,easy
745,33.4856,17.3782,51.1616,0.016759270518617173,56.8622,189.6157,64.1997,0.00024002646387089044,11.849747,Yes,Yes,Yes,Yes,Yes,120,11,120,0,2|16|7|3|0|7|5|11|2|48,ag_full_true_sac_marginsel,13.694,63,A,improving,improving,0,0,medium
746,36.7704,30.206,51.8183,0.011292745812113128,68.5068,52.0886,72.9472,0.00010371278767706826,2.986111,Yes,Yes,Yes,Yes,Yes,120,10,120,0,6|12|7|2|0|5|9|5|32|98,ag_full_true_sac_marginsel,14.225,40,A,improving,improving,0,0,medium
747,29.4812,15.3644,53.0476,0.015544874665146088,35.876,259.2284,65.8757,0.000437974464148283,17.302553,Yes,Yes,Yes,Yes,Yes,120,1,120,0,0|6|7|3|11|8|6|7|1|0,ag_full_true_sac_marginsel,12.583,59,A,passed,passed,0,0,medium
748,38.778,25.7385,54.0809,0.015400143879495305,54.6322,253.9546,65.1708,0.0004086321569047868,10.454109,Yes,Yes,Yes,Yes,Yes,120,3,120,0,0|12|1|3|7|3|9|1|29|1,ag_full_true_sac_marginsel,14.065,32,B,passed,improving,0,0,medium
749,37.2016,29.7342,51.4487,0.007908749177763632,42.7326,203.4711,56.941,0.0002393065660726279,7.068168,Yes,Yes,Yes,Yes,Yes,120,2,120,0,2|17|6|4|0|8|10|8|7|28,ag_full_true_sac_marginsel,13.936,24,A,passed,stalled,0,0,medium
750,31.8482,28.5765,54.1403,0.009217156985967118,66.0785,62.1718,114.8167,0.00030884327134117484,4.337642,Yes,Yes,Yes,Yes,Yes,120,2,120,0,0|0|3|0|7|6|1|10|38|74,ag_full_true_sac_marginsel,12.76,52,A,passed,passed,0,0,medium
751,43.1231,21.0075,56.2935,0.006157892776795605,77.1651,40.0633,88.9093,0.00011129662016173825,3.257815,Yes,Yes,Yes,Yes,Yes,120,25,120,0,7|12|1|3|6|7|6|16|1|53,ag_full_true_sac_marginsel,14.325,46,B,improving,improving,0,0,medium
752,36.0036,15.4664,47.7302,0.013482513422145351,46.0434,266.5137,57.6364,0.00033653489663265646,17.693275,Yes,Yes,Yes,Yes,Yes,120,20,120,0,1|13|8|3|5|6|11|7|9|11,ag_full_true_sac_marginsel,12.551,52,A,improving,improving,0,0,medium
753,36.1002,21.7197,57.7357,0.009065455307197184,68.3039,46.6652,82.5416,0.00010549335274845362,3.458599,Yes,Yes,Yes,Yes,Yes,120,2,120,0,6|11|2|4|9|4|2|14|8|46,ag_full_true_sac_marginsel,13.57,72,B,passed,improving,0,0,medium
754,33.0005,19.2315,57.0203,0.006674838294050502,62.9946,222.2257,74.6266,0.0002568353957030922,12.734456,Yes,Yes,Yes,Yes,Yes,120,15,120,0,0|1|6|1|4|8|3|4|17|20,ag_full_true_sac_marginsel,13.077,64,A,improving,improving,0,0,medium
755,34.0927,23.5459,53.3763,0.003853401492174964,64.8534,148.0026,79.9734,0.0002723266079556197,7.615586,Yes,Yes,Yes,Yes,Yes,120,6,120,0,1|15|1|3|5|1|9|2|14|70,ag_full_true_sac_marginsel,13.265,49,A,improving,passed,0,0,medium
756,29.9474,26.9884,53.5617,0.007442427117693399,32.4369,291.6949,61.2383,0.00033698714105412364,10.989343,Yes,Yes,Yes,Yes,Yes,120,1,120,0,0|3|7|3|12|8|10|4|22|81,ag_full_true_sac_marginsel,12.101,53,A,passed,passed,0,0,medium
757,36.0644,18.1083,55.1563,0.0036269620707059446,48.7886,209.3458,63.9982,0.0002692625857889652,11.999638,Yes,Yes,Yes,Yes,Yes,120,4,120,0,2|17|8|4|11|1|12|8|33|57,ag_full_true_sac_marginsel,13.611,52,A,improving,passed,0,0,medium
758,27.0736,21.2875,51.9695,0.01411099575331752,47.5175,275.2321,58.2711,0.0003596023307181895,13.780163,Yes,Yes,Yes,Yes,Yes,120,1,120,0,1|13|5|3|8|5|5|16|8|88,ag_full_true_sac_marginsel,12.529,77,B,passed,improving,0,0,medium
759,28.2798,20.6016,56.0082,0.012165245507064004,45.4228,253.3567,62.3795,0.0003700499073602259,12.987429,Yes,Yes,Yes,Yes,Yes,120,1,120,0,1|17|4|3|5|4|2|17|15|90,ag_full_true_sac_marginsel,12.265,73,A,passed,passed,0,0,medium
760,39.641,16.5665,46.9935,0.009473146023361183,53.1207,232.112,52.1733,0.0003027271886821836,14.429249,Yes,Yes,Yes,Yes,Yes,120,3,120,0,1|17|6|3|0|4|3|8|0|52,ag_full_true_sac_marginsel,13.772,35,A,passed,passed,0,0,medium
761,47.7255,17.0614,49.4045,0.007839545716869416,66.298,234.1719,68.5831,0.0002630276430863887,14.469039,Yes,Yes,Yes,Yes,Yes,120,3,120,0,1|3|8|1|11|5|6|13|17|0,ag_full_true_sac_marginsel,14.177,22,B,passed,improving,0,0,medium
762,40.6941,12.2297,55.8076,0.014803809373346433,62.4723,160.3733,71.6472,0.00021220851340331137,13.918089,Yes,Yes,Yes,Yes,Yes,120,12,120,0,2|10|3|4|9|7|7|10|20|94,ag_full_true_sac_marginsel,14.433,35,A,improving,improving,0,0,medium
763,42.9314,26.4489,55.1076,0.006870975375689213,73.5537,104.985,83.2681,0.00016241366392932832,5.170003,Yes,Yes,Yes,Yes,Yes,120,10,120,0,4|14|3|3|5|5|11|9|5|32,ag_full_true_sac_marginsel,14.731,37,A,improving,improving,0,0,medium
764,29.6484,17.3604,50.8197,0.004503998823554063,43.9358,286.0942,53.7556,0.0004385226930025965,16.922033,Yes,Yes,Yes,Yes,Yes,120,1,120,0,0|11|5|3|4|3|7|2|21|54,ag_full_true_sac_marginsel,11.567,80,A,passed,passed,0,0,medium
765,31.5569,11.7977,48.6257,0.007696236204400505,55.9087,228.7693,60.0763,0.0002735413727350533,20.362708,Yes,Yes,Yes,Yes,Yes,120,19,120,0,2|17|6|3|5|4|5|16|3|19,ag_full_true_sac_marginsel,13.016,74,A,improving,stalled,0,0,medium
766,43.1901,18.9345,57.615,0.010565743996035753,49.4169,175.7375,68.596,0.00021373320487327874,9.595867,Yes,Yes,Yes,Yes,Yes,120,14,120,0,3|12|6|3|15|0|11|17|3|38,ag_full_true_sac_marginsel,14.59,30,A,improving,improving,0,0,medium
767,30.8761,18.0917,55.0102,0.01572285961252917,33.0381,309.918,59.2188,0.00048569211503490806,17.24605,Yes,Yes,Yes,Yes,Yes,120,3,120,0,0|14|4|3|4|2|4|8|18|27,ag_full_true_sac_marginsel,11.941,56,A,passed,passed,0,0,medium
768,48.9816,13.46,54.5355,0.010749778691799348,63.9581,60.7334,101.2963,0.00015441348659805954,5.660981,Yes,Yes,Yes,Yes,Yes,120,31,120,0,3|5|6|2|17|0|4|15|30|42,ag_full_true_sac_marginsel,14.803,26,A,improving,improving,0,0,medium
769,28.4803,22.2982,55.6189,0.007316096616448921,33.2935,336.3703,60.9054,0.0005606423947028816,15.272532,Yes,Yes,Yes,Yes,Yes,120,1,120,0,0|17|2|3|5|5|8|10|32|0,ag_full_true_sac_marginsel,13.089,61,A,passed,stalled,0,0,medium
770,37.4498,8.583,49.4689,0.013431159068232048,47.563,293.5121,65.9915,0.0005424769478850067,34.760676,Yes,Yes,Yes,Yes,Yes,120,7,120,0,0|10|1|2|14|1|8|11|13|94,ag_full_true_sac_marginsel,13.241,30,A,improving,improving,0,0,easy
771,32.8098,7.1687,53.4889,0.007128166240583875,57.9606,183.5936,60.4675,0.000189439466339536,26.480772,Yes,Yes,Yes,Yes,Yes,120,3,120,0,2|7|8|3|13|2|3|13|22|21,ag_full_true_sac_marginsel,13.728,76,B,passed,improving,0,0,easy
772,33.8165,23.6189,48.6048,0.006092961937913746,49.238,284.1064,52.4015,0.0003365754964761436,12.507694,Yes,Yes,Yes,Yes,Yes,120,8,120,0,1|14|7|2|1|5|3|15|24|11,ag_full_true_sac_marginsel,13.706,55,A,improving,improving,0,0,medium
773,38.7071,25.3775,56.6571,0.007152514226983711,49.2458,172.1704,72.776,0.0002449991006869823,7.306876,Yes,Yes,Yes,Yes,Yes,120,9,120,0,1|9|6|4|12|1|10|1|31|89,ag_full_true_sac_marginsel,13.414,40,A,improving,improving,0,0,medium
774,42.5993,13.8561,56.7577,0.006610835121391924,57.2958,90.4989,98.2853,0.0002209542435593903,7.574557,Yes,Yes,Yes,Yes,Yes,120,9,120,0,0|2|1|3|13|2|1|3|2|41,ag_full_true_sac_marginsel,14.554,24,B,improving,improving,0,0,medium
775,44.4674,14.6553,57.0252,0.011854431403936942,67.5283,116.8233,81.1884,0.0002016020443988964,8.896705,Yes,Yes,Yes,Yes,Yes,120,7,120,0,2|10|6|1|1|3|3|12|23|24,ag_full_true_sac_marginsel,14.723,21,A,improving,stalled,0,0,medium
776,29.6154,14.063,55.0981,0.014721254016563151,54.9311,185.9747,72.4139,0.00024895972455851734,14.376536,Yes,Yes,Yes,Yes,Yes,120,1,120,0,2|11|8|3|9|6|5|17|10|18,ag_full_true_sac_marginsel,12.552,80,B,passed,improving,0,0,medium
777,36.2657,18.7572,58.173,0.011401450657611643,51.3764,238.6872,64.2467,0.0003309215244371444,13.217121,Yes,Yes,Yes,Yes,Yes,120,2,120,0,1|8|6|3|16|5|8|14|17|70,ag_full_true_sac_marginsel,13.157,52,B,passed,improving,0,0,medium
778,28.5962,12.5638,53.1936,0.014833171250690658,46.5574,309.6598,58.7162,0.0004597701190505177,25.347874,Yes,Yes,Yes,Yes,Yes,120,1,120,0,0|10|2|2|8|0|8|5|7|39,ag_full_true_sac_marginsel,12.093,98,A,passed,passed,0,0,medium
779,48.6473,23.2237,53.3493,0.013022155913037677,69.5842,136.1449,88.574,0.0001991817116504535,6.937686,Yes,Yes,Yes,Yes,Yes,120,14,120,0,3|8|6|2|16|0|12|14|12|98,ag_full_true_sac_marginsel,14.468,31,A,improving,improving,0,0,medium
780,31.9972,16.7715,49.585,0.004269692888286791,54.3165,264.4615,56.4578,0.0003244375402573496,16.528677,Yes,Yes,Yes,Yes,Yes,120,3,120,0,1|13|4|3|7|3|0|17|22|29,ag_full_true_sac_marginsel,13.24,63,B,passed,improving,0,0,medium
781,42.2373,20.5595,56.6857,0.014487876066275232,59.5523,218.8399,71.4453,0.0003328766906633973,11.291547,Yes,Yes,Yes,Yes,Yes,120,4,120,0,1|8|1|3|16|6|10|13|28|98,ag_full_true_sac_marginsel,14.014,46,A,improving,passed,0,0,medium
782,41.9932,28.0126,52.1613,0.014425286264555224,60.7865,193.8557,68.1424,0.00024693747400306165,7.657089,Yes,Yes,Yes,Yes,Yes,120,3,120,0,1|5|6|3|16|4|7|8|32|75,ag_full_true_sac_marginsel,13.087,43,B,passed,improving,0,0,medium
783,29.5673,21.9234,55.6295,0.005961299761912205,37.71,206.9173,68.1699,0.000416930066421628,9.869066,Yes,Yes,Yes,Yes,Yes,120,1,120,0,0|9|8|2|4|2|4|5|24|29,ag_full_true_sac_marginsel,13.085,64,B,passed,improving,0,0,medium
784,38.0092,12.049,50.2834,0.003848400113342331,58.7342,137.342,82.1298,0.00020909009617753327,12.522861,Yes,Yes,Yes,Yes,Yes,120,10,120,0,2|8|7|3|15|1|4|14|12|15,ag_full_true_sac_marginsel,14.222,43,A,improving,stalled,0,0,medium
785,44.0859,23.3864,53.6984,0.015905050762825564,53.648,216.9733,67.7867,0.00027613688143901527,9.739651,Yes,Yes,Yes,Yes,Yes,120,32,120,0,2|14|8|2|7|2|9|15|34|86,ag_full_true_sac_marginsel,14.071,29,B,improving,improving,0,0,medium
786,36.6516,31.2037,52.0628,0.010747227924693308,48.7854,234.0379,62.5926,0.00027129091904498637,8.008385,Yes,Yes,Yes,Yes,Yes,120,15,120,0,2|11|7|2|8|4|12|16|0|2,ag_full_true_sac_marginsel,13.742,53,B,improving,improving,0,0,medium
787,32.0622,22.9444,57.3957,0.009219017081050567,38.6284,202.0427,69.9279,0.00033871090272441506,9.192138,Yes,Yes,Yes,Yes,Yes,120,5,120,0,1|17|5|4|7|3|6|9|5|64,ag_full_true_sac_marginsel,13.611,37,A,improving,passed,0,0,medium
788,49.5426,19.5746,53.2857,0.006614534207210999,78.5901,49.3813,72.2376,9.35785865294747e-05,3.450551,Yes,Yes,Yes,Yes,Yes,120,35,120,0,5|8|8|4|5|6|1|9|27|9,ag_full_true_sac_marginsel,14.796,19,A,improving,improving,0,0,medium
789,42.836,16.3399,49.1763,0.004499254237254728,55.5771,202.8609,70.7482,0.0002598036080598831,13.0934,Yes,Yes,Yes,Yes,Yes,120,7,120,0,2|12|8|2|6|4|6|17|9|80,ag_full_true_sac_marginsel,13.964,45,A,improving,stalled,0,0,medium
790,49.2575,16.8737,49.7521,0.008361764807649493,59.5345,192.0462,66.3083,0.00023488191072829068,11.894745,Yes,Yes,Yes,Yes,Yes,120,37,120,0,2|13|5|3|8|2|10|8|11|10,ag_full_true_sac_marginsel,14.16,26,A,improving,improving,0,0,medium
791,36.8106,25.0994,55.6787,0.015217160491670129,60.4241,133.064,90.7976,0.0003683204122353345,6.549496,Yes,Yes,Yes,Yes,Yes,120,24,120,0,1|16|1|1|4|1|11|11|29|0,ag_full_true_sac_marginsel,14.18,30,B,improving,improving,0,0,medium
792,30.6252,21.5257,48.4973,0.00636292684109114,38.4244,296.8236,62.0757,0.0005378297646529973,14.239386,Yes,Yes,Yes,Yes,Yes,120,13,120,0,0|9|4|2|11|1|5|12|22|94,ag_full_true_sac_marginsel,13.684,49,A,improving,improving,0,0,medium
793,31.0306,9.8618,55.7152,0.01284619816360361,56.5385,222.1874,68.9074,0.0003076645662076771,23.565015,Yes,Yes,Yes,Yes,Yes,120,10,120,0,1|10|2|3|8|6|1|17|3|60,ag_full_true_sac_marginsel,13.215,60,A,improving,improving,0,0,easy
794,43.7761,18.2454,54.6393,0.003697190350744457,54.499,86.76,71.6869,0.0001745161134749651,5.264914,Yes,Yes,Yes,Yes,Yes,120,43,120,0,2|14|3|4|2|3|2|5|18|14,ag_full_true_sac_marginsel,14.529,26,A,improving,stalled,0,0,medium
795,47.9617,20.0856,55.7577,0.012705888140119794,68.0134,139.9693,90.8152,0.00022042880300432444,7.99812,Yes,Yes,Yes,Yes,Yes,120,7,120,0,2|7|6|1|2|7|4|17|1|19,ag_full_true_sac_marginsel,14.431,27,B,improving,improving,0,0,medium
796,30.6702,7.9307,50.3884,0.012311301440854234,36.1021,326.4998,59.6358,0.0006516074645332992,41.476913,Yes,Yes,Yes,Yes,Yes,120,2,120,0,0|15|5|2|8|0|4|17|33|12,ag_full_true_sac_marginsel,11.606,83,A,passed,passed,0,0,easy
797,42.4124,8.5406,49.5069,0.007187537583756232,62.5593,192.3394,69.336,0.00024118281726259738,23.362501,Yes,Yes,Yes,Yes,Yes,120,17,120,0,2|10|3|3|12|4|10|12|36|56,ag_full_true_sac_marginsel,14.644,38,B,improving,improving,0,0,easy
798,35.1948,9.4636,48.568,0.00710047336322241,41.5796,317.1352,54.1387,0.0004706981999333948,33.740891,Yes,Yes,Yes,Yes,Yes,120,4,120,0,0|14|2|3|2|6|9|3|27|10,ag_full_true_sac_marginsel,12.886,42,A,improving,passed,0,0,easy
799,38.2573,7.9312,52.0643,0.015357478244913948,48.7977,269.023,59.9985,0.00035838980693370104,34.324321,Yes,Yes,Yes,Yes,Yes,120,4,120,0,1|13|4|3|10|3|12|9|4|40,ag_full_true_sac_marginsel,13.147,43,A,improving,passed,0,0,easy
800,26.9111,16.3687,56.0724,0.008175296375755071,59.7532,93.681,119.6606,0.00047729405923746526,8.019218,Yes,Yes,Yes,Yes,Yes,120,1,120,0,0|9|0|1|7|7|2|16|9|73,ag_full_true_sac_marginsel,12.63,72,B,passed,improving,0,0,medium
801,33.4403,25.9984,51.5713,0.014521714507176625,39.5185,285.6532,58.1427,0.0004901294596493244,11.262752,Yes,Yes,Yes,Yes,Yes,120,5,120,0,0|8|3|4|16|6|0|15|19|74,ag_full_true_sac_marginsel,13.215,42,A,improving,passed,0,0,medium
802,44.112,12.8665,55.6688,0.012894245175616572,54.7978,194.8672,63.91,0.00024122552713379264,15.51693,Yes,Yes,Yes,Yes,Yes,120,6,120,0,2|15|8|4|9|2|5|12|26|70,ag_full_true_sac_marginsel,13.111,41,A,improving,passed,0,0,medium
803,48.3162,12.3563,52.6871,0.009731292770926884,59.4441,156.1111,73.1517,0.00021339740487746894,13.230931,Yes,Yes,Yes,Yes,Yes,120,10,120,0,2|10|5|4|10|6|4|13|13|58,ag_full_true_sac_marginsel,13.57,34,A,improving,improving,0,0,medium
804,42.6896,10.6603,55.7122,0.01204427635477441,53.904,200.3449,74.542,0.000271733442787081,19.371695,Yes,Yes,Yes,Yes,Yes,120,4,120,0,2|13|1|3|7|8|9|17|24|61,ag_full_true_sac_marginsel,13.509,63,A,improving,passed,0,0,medium
805,32.1323,22.7841,56.4026,0.012410038770482872,58.127,253.3749,58.9091,0.00028912522247992456,11.950829,Yes,Yes,Yes,Yes,Yes,120,2,120,0,1|7|8|2|6|7|1|17|24|13,ag_full_true_sac_marginsel,12.616,64,B,passed,improving,0,0,medium
806,43.6683,18.3585,49.422,0.005590420807214982,54.1383,215.4995,65.0759,0.00029037034255452454,12.242976,Yes,Yes,Yes,Yes,Yes,120,15,120,0,1|12|3|4|6|6|3|11|25|8,ag_full_true_sac_marginsel,13.818,25,A,improving,improving,0,0,medium
807,40.3243,11.6327,48.1601,0.009706971858476469,48.5834,266.479,60.0667,0.0003531815018504858,23.323337,Yes,Yes,Yes,Yes,Yes,120,3,120,0,1|11|5|3|12|4|8|14|2|12,ag_full_true_sac_marginsel,13.098,60,A,passed,passed,0,0,medium
808,40.9333,10.129,51.4271,0.01486392234501948,48.7977,269.023,59.9985,0.00035838980693370104,26.894458,Yes,Yes,Yes,Yes,Yes,120,4,120,0,1|13|4|3|8|5|6|15|38|30,ag_full_true_sac_marginsel,13.643,49,A,improving,passed,0,0,medium
809,28.9318,24.7325,50.8447,0.012560306477468008,35.9441,367.6643,58.4048,0.0005217057187110186,15.21518,Yes,Yes,Yes,Yes,Yes,120,1,120,0,0|5|7|1|9|3|8|14|22|74,ag_full_true_sac_marginsel,12.976,62,B,passed,improving,0,0,medium
810,44.433,22.5497,54.9618,0.00598392517714804,60.4054,126.3666,84.0536,0.00019904632063116878,6.459436,Yes,Yes,Yes,Yes,Yes,120,4,120,0,3|10|7|3|15|2|10|14|34|26,ag_full_true_sac_marginsel,14.253,21,A,improving,passed,0,0,medium
811,47.1137,10.8494,53.4602,0.011361156548833613,56.4963,175.6836,72.5689,0.00023222173331305385,16.729061,Yes,Yes,Yes,Yes,Yes,120,9,120,0,3|16|7|3|12|0|10|16|34|58,ag_full_true_sac_marginsel,14.466,15,A,improving,improving,0,0,medium
812,41.0829,20.4175,49.8292,0.004460152684804177,61.747,60.1117,107.7653,0.0002476928639225662,4.554273,Yes,Yes,Yes,Yes,Yes,120,15,120,0,1|2|4|0|1|8|11|7|0|94,ag_full_true_sac_marginsel,14.435,22,A,improving,stalled,0,0,medium
813,45.0315,19.5586,56.7528,0.009881516937340618,56.2064,221.8723,67.2712,0.00028502612258307636,11.748633,Yes,Yes,Yes,Yes,Yes,120,12,120,0,2|17|3|2|2|5|12|12|26|2,ag_full_true_sac_marginsel,14.581,35,A,improving,improving,0,0,medium
814,27.5489,24.6465,51.3759,0.011470163365933846,31.7286,352.2882,65.3403,0.0005524801672436297,14.669019,Yes,Yes,Yes,Yes,Yes,120,1,120,0,0|9|3|2|5|7|12|10|3|46,ag_full_true_sac_marginsel,12.31,53,B,passed,improving,0,0,medium
815,33.4174,28.0721,50.1312,0.008896329418091063,61.0397,210.6639,55.9185,0.0002437769726384431,8.419019,Yes,Yes,Yes,Yes,Yes,120,8,120,0,2|16|4|4|4|6|11|6|38|39,ag_full_true_sac_marginsel,13.899,53,A,improving,stalled,0,0,medium
816,38.187,11.2165,53.4057,0.015930257239781614,49.9674,174.688,71.535,0.00024251063587144017,16.206977,Yes,Yes,Yes,Yes,Yes,120,9,120,0,2|13|8|4|14|1|12|7|25|61,ag_full_true_sac_marginsel,13.467,35,B,improving,improving,0,0,medium
817,35.2968,19.7243,47.2067,0.010001069434251853,41.9914,338.4372,55.6152,0.000634419615380466,17.462708,Yes,Yes,Yes,Yes,Yes,120,8,120,0,0|9|2|2|13|5|11|13|38|2,ag_full_true_sac_marginsel,13.484,31,A,improving,stalled,0,0,medium
818,34.7195,10.9376,56.6167,0.008460689617956214,44.6373,227.323,66.3612,0.0003508581139612943,21.199858,Yes,Yes,Yes,Yes,Yes,120,8,120,0,1|17|3|4|4|7|12|5|3|9,ag_full_true_sac_marginsel,13.376,62,A,improving,improving,0,0,medium
819,36.5028,15.9413,47.8844,0.0065020034342535395,60.2404,209.1319,61.7875,0.0002411383029539138,14.022443,Yes,Yes,Yes,Yes,Yes,120,18,120,0,3|15|7|3|14|0|12|17|16|26,ag_full_true_sac_marginsel,13.688,60,A,improving,stalled,0,0,medium
820,42.4528,7.4375,50.8076,0.008934699744892608,72.6653,63.5655,85.4348,0.00013027444947510958,9.925281,Yes,Yes,Yes,Yes,Yes,120,7,120,0,6|16|2|3|3|6|12|9|21|15,ag_full_true_sac_marginsel,12.828,83,A,improving,stalled,0,0,easy
821,46.8787,22.0161,51.2156,0.014069493015337737,63.6476,120.5599,72.801,0.00017254619160667062,6.242901,Yes,Yes,Yes,Yes,Yes,120,11,120,0,2|10|6|3|3|4|10|0|29|58,ag_full_true_sac_marginsel,14.552,24,A,improving,improving,0,0,medium
822,33.0623,23.8745,49.01,0.01373850990180873,65.8673,171.7064,60.3548,0.00019409839296713471,8.401623,Yes,Yes,Yes,Yes,Yes,120,18,120,0,3|11|7|4|12|6|5|17|2|92,ag_full_true_sac_marginsel,14.003,48,A,improving,hopeless,0,0,medium
823,33.0099,6.9541,51.4711,0.011834598644836427,47.5648,229.0744,72.4395,0.0003706586721818894,33.757727,Yes,Yes,Yes,Yes,Yes,120,11,120,0,1|13|2|3|14|1|6|17|13|14,ag_full_true_sac_marginsel,13.388,56,A,improving,improving,0,0,easy
824,31.8698,24.1239,49.6567,0.014093845244769263,54.7707,288.988,60.434,0.000386412168154493,12.887538,Yes,Yes,Yes,Yes,Yes,120,7,120,0,1|10|5|1|6|3|10|17|25|66,ag_full_true_sac_marginsel,13.757,56,B,improving,improving,0,0,medium
825,46.322,16.8194,48.7263,0.011810222741385708,57.4063,166.2924,74.7604,0.00022495847952086478,10.641498,Yes,Yes,Yes,Yes,Yes,120,4,120,0,2|11|6|3|6|6|11|7|37|51,ag_full_true_sac_marginsel,14.299,20,A,improving,passed,0,0,medium
826,40.3104,28.2295,54.5563,0.012919952313566364,52.6531,162.1099,76.0547,0.00025595969054847956,6.422999,Yes,Yes,Yes,Yes,Yes,120,9,120,0,1|6|7|4|17|7|4|11|21|35,ag_full_true_sac_marginsel,13.954,28,A,improving,improving,0,0,medium
827,49.8088,19.9975,53.3278,0.01168725368475745,71.77,70.4,111.8982,0.00021878648840356618,5.040938,Yes,Yes,Yes,Yes,Yes,120,24,120,0,1|3|1|2|16|4|8|6|17|98,ag_full_true_sac_marginsel,14.721,24,A,improving,stalled,0,0,medium
828,27.9885,13.9349,50.455,0.013553724538546833,37.6494,289.6569,58.567,0.0004500897484831512,21.259194,Yes,Yes,Yes,Yes,Yes,120,1,120,0,1|16|7|3|11|5|12|17|31|56,ag_full_true_sac_marginsel,13.296,67,B,passed,improving,0,0,medium
829,35.891,19.2404,56.8052,0.014610687222712157,56.4866,237.3884,66.2647,0.00029715377604588866,13.058055,Yes,Yes,Yes,Yes,Yes,120,16,120,0,1|7|6|2|14|0|11|8|34|47,ag_full_true_sac_marginsel,13.006,39,A,improving,improving,0,0,medium
830,36.1307,12.4892,56.6196,0.013806892047196115,40.5287,223.5155,68.3167,0.00027603324269875884,18.205044,Yes,Yes,Yes,Yes,Yes,120,5,120,0,1|7|3|3|16|1|3|17|9|87,ag_full_true_sac_marginsel,12.828,47,A,improving,passed,0,0,medium
831,25.9896,15.8201,53.0083,0.013257288226153562,42.7344,226.6205,73.7407,0.00040079018799588084,15.330046,Yes,Yes,Yes,Yes,Yes,120,1,120,0,0|8|2|3|11|1|7|3|23|38,ag_full_true_sac_marginsel,13.207,76,B,passed,improving,0,0,medium
832,48.1141,21.2165,55.4252,0.010523152765256073,54.8363,216.1088,60.52,0.0002585882321000099,10.392966,Yes,Yes,Yes,Yes,Yes,120,21,120,0,2|15|8|4|12|1|9|11|38|79,ag_full_true_sac_marginsel,14.131,27,B,stalled,improving,0,0,medium
833,25.3095,13.4086,52.6472,0.009745086158357301,27.9011,385.8827,56.85,0.0005099099362269044,28.908692,Yes,Yes,Yes,Yes,Yes,120,1,120,0,0|8|6|3|10|5|9|14|21|64,ag_full_true_sac_marginsel,12.615,51,B,passed,improving,0,0,medium
834,24.8015,15.3996,52.6622,0.009028030528022916,32.3535,315.806,57.1218,0.0006557423621416092,20.823939,Yes,Yes,Yes,Yes,Yes,120,1,120,0,0|14|6|3|13|1|3|17|25|76,ag_full_true_sac_marginsel,12.629,70,B,passed,improving,0,0,medium
835,35.9001,21.0728,49.5027,0.0041300429609793495,49.086,170.1602,70.631,0.0002278688916703686,8.813815,Yes,Yes,Yes,Yes,Yes,120,4,120,0,3|17|2|4|7|7|12|15|1|7,ag_full_true_sac_marginsel,13.321,66,A,improving,passed,0,0,medium
836,35.2525,22.7916,57.1686,0.012956159745627194,41.5966,257.7694,63.3878,0.00030451270868070424,11.57511,Yes,Yes,Yes,Yes,Yes,120,2,120,0,1|8|6|2|5|7|9|13|23|78,ag_full_true_sac_marginsel,13.697,34,B,passed,improving,0,0,medium
837,24.7407,16.0384,53.4558,0.010973056005356342,28.7637,359.89,62.4553,0.0005212629330344498,22.722725,Yes,Yes,Yes,Yes,Yes,120,1,120,0,0|7|4|3|13|6|11|14|12|85,ag_full_true_sac_marginsel,12.617,76,B,passed,improving,0,0,medium
838,43.7256,7.7163,52.8213,0.012844905324097154,59.5063,184.3956,70.7325,0.00024425244191661477,24.577958,Yes,Yes,Yes,Yes,Yes,120,25,120,0,2|14|3|3|4|6|4|15|29|75,ag_full_true_sac_marginsel,14.013,34,B,improving,improving,0,0,easy
839,41.1969,14.4955,51.8377,0.0032513665136545246,62.7109,219.7355,61.3817,0.00025781942531466484,15.785898,Yes,Yes,Yes,Yes,Yes,120,10,120,0,2|11|3|3|16|0|12|12|6|81,ag_full_true_sac_marginsel,14.174,30,A,improving,improving,0,0,medium
840,31.2226,12.8542,48.0862,0.011046353773755768,44.4008,302.6443,52.7161,0.00039380823727697134,24.027032,Yes,Yes,Yes,Yes,Yes,120,15,120,0,1|14|7|3|11|3|9|15|1|45,ag_full_true_sac_marginsel,13.396,59,A,improving,improving,0,0,medium
841,37.1965,6.0942,53.001,0.00725102793167482,62.4002,153.5967,66.4576,0.00019352939852979034,26.108649,Yes,Yes,Yes,Yes,Yes,120,10,120,0,1|7|5|4|7|3|1|6|0|85,ag_full_true_sac_marginsel,13.376,47,A,improving,stalled,0,0,easy
842,42.1249,6.1425,52.6225,0.00857462300359384,58.2903,137.3772,76.0671,0.00019903594511561096,23.170938,Yes,Yes,Yes,Yes,Yes,120,4,120,0,4|17|7|4|7|8|12|15|29|8,ag_full_true_sac_marginsel,13.948,57,A,improving,passed,0,0,easy
843,40.0442,19.0168,51.5821,0.0028050970567998343,64.1448,151.1319,87.2244,0.00023440290533471853,9.156569,Yes,Yes,Yes,Yes,Yes,120,11,120,0,2|10|2|2|3|8|8|13|1|67,ag_full_true_sac_marginsel,14.399,38,A,improving,stalled,0,0,medium
844,25.8759,13.5367,52.4721,0.007392330884607711,32.4205,290.3919,78.8003,0.0004936903133057058,22.140111,Yes,Yes,Yes,Yes,Yes,120,1,120,0,0|8|2|2|10|2|6|13|23|53,ag_full_true_sac_marginsel,12.521,79,B,passed,improving,0,0,medium
845,44.3981,15.0073,47.9369,0.008364230586168213,57.4952,233.7976,70.3733,0.0003243016544729471,16.303153,Yes,Yes,Yes,Yes,Yes,120,8,120,0,1|10|2|2|6|5|5|15|2|97,ag_full_true_sac_marginsel,14.556,25,A,improving,improving,0,0,medium
846,38.993,20.0862,57.8213,0.007598639697972025,50.8933,253.0703,74.5952,0.0004490583960432559,13.135416,Yes,Yes,Yes,Yes,Yes,120,8,120,0,0|6|1|2|9|7|2|13|3|86,ag_full_true_sac_marginsel,14.084,28,A,improving,improving,0,0,medium
847,36.0054,26.4197,52.2958,0.0043395881957035394,59.598,165.5413,72.0503,0.00021452577493619174,7.249389,Yes,Yes,Yes,Yes,Yes,120,14,120,0,3|15|6|3|8|3|8|15|20|19,ag_full_true_sac_marginsel,14.031,41,A,improving,improving,0,0,medium
848,29.4826,15.432,50.1187,0.005045233026494867,40.3262,260.4125,66.2264,0.00040283496491611004,17.484224,Yes,Yes,Yes,Yes,Yes,120,1,120,0,1|13|7|2|11|1|11|15|19|78,ag_full_true_sac_marginsel,11.843,68,A,passed,passed,0,0,medium
849,30.6032,9.1833,54.6686,0.013047464641681241,34.6059,306.0867,62.5835,0.0004359940066933632,33.572965,Yes,Yes,Yes,Yes,Yes,120,2,120,0,0|10|2|3|10|0|11|2|5|91,ag_full_true_sac_marginsel,12.519,68,A,passed,passed,0,0,easy
850,31.7815,16.4007,47.4616,0.008330731746927762,48.0359,260.7164,58.9731,0.0003675119951367378,16.606559,Yes,Yes,Yes,Yes,Yes,120,3,120,0,1|17|3|4|6|6|8|11|30|36,ag_full_true_sac_marginsel,12.431,68,A,passed,passed,0,0,medium
851,40.9556,24.9406,49.8533,0.015253692036226224,76.6064,115.4581,109.7215,0.00024203235807362944,6.684818,Yes,Yes,Yes,Yes,Yes,120,2,120,0,0|0|8|1|14|5|4|3|29|78,ag_full_true_sac_marginsel,14.484,18,B,passed,improving,0,0,medium
852,29.7937,11.8378,54.0464,0.014906639877031714,44.8683,249.6608,62.5984,0.00033892039209604263,21.731516,Yes,Yes,Yes,Yes,Yes,120,1,120,0,1|10|8|3|10|7|6|15|8|66,ag_full_true_sac_marginsel,12.906,55,B,passed,improving,0,0,medium
853,39.7215,17.8236,48.2644,0.0049489012870375946,43.3866,322.5477,60.1125,0.000618562800809741,18.309468,Yes,Yes,Yes,Yes,Yes,120,2,120,0,0|7|3|1|7|6|11|13|33|51,ag_full_true_sac_marginsel,12.224,34,B,passed,improving,0,0,medium
854,39.0078,13.9472,46.978,0.010531951309455072,58.1619,263.3934,60.7273,0.0003299581294413656,19.637351,Yes,Yes,Yes,Yes,Yes,120,6,120,0,1|7|4|2|9|8|8|15|14|33,ag_full_true_sac_marginsel,12.997,68,A,improving,passed,0,0,medium
855,38.5094,26.0434,53.0133,0.01619253544340096,53.9181,249.6816,67.8888,0.00039290240965783596,10.243618,Yes,Yes,Yes,Yes,Yes,120,13,120,0,0|7|1|3|13|2|8|3|15|56,ag_full_true_sac_marginsel,14.48,26,B,improving,improving,0,0,medium
856,37.5755,16.9416,56.809,0.004871035601721561,51.9826,166.1327,60.9564,0.00019581375818233937,10.222432,Yes,Yes,Yes,Yes,Yes,120,3,120,0,3|17|5|4|3|6|8|10|18|17,ag_full_true_sac_marginsel,12.87,66,B,passed,improving,0,0,medium
857,50.7652,19.7182,53.2693,0.011500093142609087,77.4544,80.643,93.705,0.0001500935759395361,5.361551,Yes,Yes,Yes,Yes,Yes,120,32,120,0,4|9|4|3|14|2|11|10|26|17,ag_full_true_sac_marginsel,14.469,25,A,improving,stalled,0,0,medium
858,46.2542,21.5903,49.292,0.013802723878443288,58.5219,236.255,66.7849,0.00029608819750137627,11.541283,Yes,Yes,Yes,Yes,Yes,120,9,120,0,1|7|4|2|13|1|5|14|13|8,ag_full_true_sac_marginsel,14.827,26,A,improving,stalled,0,0,medium
859,34.2119,19.004,47.2118,0.012971272847606836,69.496,181.1248,91.5753,0.00034417383722029626,11.475338,Yes,Yes,Yes,Yes,Yes,120,3,120,0,1|10|1|1|1|7|10|13|27|78,ag_full_true_sac_marginsel,12.363,69,B,passed,improving,0,0,medium
860,33.1225,18.6539,51.6818,0.017418510323151212,56.237,185.0367,76.6201,0.00025389165966771543,11.085249,Yes,Yes,Yes,Yes,Yes,120,7,120,0,2|11|6|2|4|7|8|15|16|77,ag_full_true_sac_marginsel,14.603,30,A,improving,improving,0,0,medium
861,51.0833,18.3096,52.6879,0.008652337006631379,78.2245,94.3939,81.8682,0.00014127101167105138,6.224244,Yes,Yes,Yes,Yes,Yes,120,9,120,0,3|8|7|3|4|7|6|7|13|84,ag_full_true_sac_marginsel,14.566,27,A,stalled,stalled,0,0,medium
862,47.26,15.1804,50.9065,0.014985290236394612,68.6466,160.8992,74.8224,0.0002015727513935417,11.508041,Yes,Yes,Yes,Yes,Yes,120,37,120,0,2|8|3|3|10|5|10|7|17|58,ag_full_true_sac_marginsel,14.142,27,A,improving,improving,0,0,medium
863,33.3776,17.7191,47.31,0.013150798760274246,48.3263,254.2972,62.6929,0.0003898987779393792,15.094935,Yes,Yes,Yes,Yes,Yes,120,3,120,0,1|16|2|4|10|6|8|15|24|16,ag_full_true_sac_marginsel,13.966,64,B,passed,improving,0,0,medium
864,47.6051,21.6478,55.7618,0.007607896645352396,68.8404,60.67,113.4316,0.00023654848337173462,4.251793,Yes,Yes,Yes,Yes,Yes,120,7,120,0,2|4|2|1|13|6|11|16|35|67,ag_full_true_sac_marginsel,14.56,18,A,stalled,improving,0,0,medium
865,40.1094,7.8837,51.4222,0.014923471059973534,49.6098,269.5564,58.2833,0.0003558656317181885,34.538133,Yes,Yes,Yes,Yes,Yes,120,7,120,0,1|15|4|3|2|8|4|15|9|20,ag_full_true_sac_marginsel,13.305,30,A,improving,improving,0,0,easy
866,38.0986,9.9327,49.1868,0.005506654907164297,48.5716,209.1222,65.8312,0.0003244565741624683,21.608325,Yes,Yes,Yes,Yes,Yes,120,11,120,0,1|15|6|2|5|0|12|3|5|98,ag_full_true_sac_marginsel,13.763,52,A,improving,improving,0,0,easy
867,39.6796,26.8919,55.0897,0.005343069022979274,57.233,95.0872,87.0331,0.0001491520379204303,4.530216,Yes,Yes,Yes,Yes,Yes,120,20,120,0,2|5|8|3|6|8|1|10|3|85,ag_full_true_sac_marginsel,14.539,34,A,improving,improving,0,0,medium
868,46.0912,23.4993,48.4962,0.009063033283542719,54.4072,273.2649,56.0229,0.0003350955084897578,11.927285,Yes,Yes,Yes,Yes,Yes,120,4,120,0,1|11|4|3|10|4|12|8|12|63,ag_full_true_sac_marginsel,13.685,26,B,stalled,passed,0,0,medium
869,45.6203,21.9634,48.3414,0.01266097200307856,56.6263,217.9116,73.0791,0.0003382708237040788,10.647849,Yes,Yes,Yes,Yes,Yes,120,12,120,0,1|13|1|3|9|4|5|15|2|80,ag_full_true_sac_marginsel,14.455,23,A,improving,improving,0,0,medium
870,25.1327,16.7476,55.3218,0.010160207209183909,33.9781,280.9585,67.9856,0.0006766347796656191,17.290298,Yes,Yes,Yes,Yes,Yes,120,1,120,0,0|17|2|3|15|2|6|17|6|0,ag_full_true_sac_marginsel,12.696,79,B,passed,improving,0,0,medium
871,33.8466,24.3261,55.5589,0.01552668316294921,43.2125,192.0306,68.9419,0.0002775824978016317,8.393743,Yes,Yes,Yes,Yes,Yes,120,17,120,0,1|12|7|4|5|6|11|1|19|37,ag_full_true_sac_marginsel,13.407,53,A,improving,improving,0,0,medium
872,45.2458,27.3062,55.2826,0.011430740666940265,59.8192,124.3815,89.617,0.00021936515986453742,5.479037,Yes,Yes,Yes,Yes,Yes,120,14,120,0,2|8|3|3|12|6|11|9|18|8,ag_full_true_sac_marginsel,14.248,41,B,improving,improving,0,0,medium
873,38.3097,15.9151,47.7999,0.005211367416920679,44.9736,267.9252,60.1594,0.00036150726373307407,17.197771,Yes,Yes,Yes,Yes,Yes,120,18,120,0,1|12|6|3|14|1|10|12|33|28,ag_full_true_sac_marginsel,13.778,33,A,improving,improving,0,0,medium
874,34.8141,20.2339,58.3809,0.009874805971915101,55.7614,177.3572,73.502,0.00025614703190512955,9.600126,Yes,Yes,Yes,Yes,Yes,120,2,120,0,2|14|3|4|7|8|10|11|24|48,ag_full_true_sac_marginsel,13.03,66,B,passed,improving,0,0,medium
875,46.3742,27.2722,51.6228,0.013075160615721297,72.8317,40.6222,69.7664,0.00010955642210319638,2.403117,Yes,Yes,Yes,Yes,Yes,120,58,120,0,6|10|7|0|1|0|5|13|31|13,ag_full_true_sac_marginsel,14.912,14,A,stalled,improving,0,0,medium
876,35.681,27.5932,54.5354,0.005069666774279996,47.9621,300.8693,70.466,0.0005669269594363868,11.428229,Yes,Yes,Yes,Yes,Yes,120,8,120,0,0|12|0|2|17|8|12|12|2|18,ag_full_true_sac_marginsel,13.057,49,B,improving,improving,0,0,medium
877,38.8348,31.2304,51.8582,0.01219302948925744,64.7403,146.7938,90.5797,0.00026284990599378943,6.092538,Yes,Yes,Yes,Yes,Yes,120,23,120,0,2|14|1|2|7|2|6|17|16|74,ag_full_true_sac_marginsel,13.894,37,A,improving,improving,0,0,medium
878,41.6225,10.3951,54.1529,0.004145154588124803,64.5828,154.7589,96.1313,0.00032186132739298046,16.136851,Yes,Yes,Yes,Yes,Yes,120,19,120,0,1|9|1|1|7|1|10|11|8|22,ag_full_true_sac_marginsel,13.821,35,A,improving,stalled,0,0,medium
879,30.7691,29.2428,54.145,0.008246833116784404,37.1031,290.3551,66.6564,0.0005106040625832975,10.304144,Yes,Yes,Yes,Yes,Yes,120,3,120,0,0|12|3|2|0|7|4|11|9|72,ag_full_true_sac_marginsel,12.242,68,A,passed,passed,0,0,medium
880,45.5341,16.9495,52.597,0.016786468445152292,74.8531,56.3396,82.1967,0.00011452862963778898,4.523794,Yes,Yes,Yes,Yes,Yes,120,7,120,0,3|6|6|2|0|7|4|5|29|49,ag_full_true_sac_marginsel,13.867,33,A,stalled,improving,0,0,medium
881,31.6075,18.3174,51.4158,0.0028333163514259515,33.9084,296.4144,56.984,0.0005681031034328043,16.162679,Yes,Yes,Yes,Yes,Yes,120,3,120,0,0|15|5|4|7|5|8|6|20|25,ag_full_true_sac_marginsel,12.6,46,A,passed,passed,0,0,medium
882,31.6963,27.6054,53.5396,0.005378834481858349,49.4411,227.1161,67.5269,0.0003082635812461376,8.991028,Yes,Yes,Yes,Yes,Yes,120,2,120,0,2|16|5|3|10|4|11|17|9|15,ag_full_true_sac_marginsel,12.66,78,A,passed,passed,0,0,medium
883,27.4265,17.2874,56.8756,0.009409066521733992,28.5134,321.5841,69.1864,0.0005384428077377379,18.801039,Yes,Yes,Yes,Yes,Yes,120,1,120,0,0|9|2|4|17|5|8|17|14|48,ag_full_true_sac_marginsel,12.18,62,A,passed,passed,0,0,medium
884,47.133,20.5197,53.9885,0.004530711117238008,60.6125,175.8853,71.309,0.00022411083045881242,9.128858,Yes,Yes,Yes,Yes,Yes,120,16,120,0,3|13|6|3|11|4|10|17|25|96,ag_full_true_sac_marginsel,14.62,36,A,stalled,improving,0,0,medium
885,46.2564,14.9611,55.9548,0.00579815938987904,63.648,61.9432,77.7759,0.00011044015263905749,4.887184,Yes,Yes,Yes,Yes,Yes,120,5,120,0,4|8|7|4|8|4|4|7|5|86,ag_full_true_sac_marginsel,14.605,36,B,stalled,passed,0,0,medium
886,41.8835,26.4661,50.8656,0.015766176668167414,61.1017,104.4798,85.8592,0.00018670197459869087,5.082654,Yes,Yes,Yes,Yes,Yes,120,7,120,0,3|13|2|4|7|7|11|8|36|62,ag_full_true_sac_marginsel,13.533,19,A,improving,improving,0,0,medium
887,35.606,13.5172,57.392,0.01431901073392569,42.8738,212.5804,68.9609,0.00031979772029444575,16.110069,Yes,Yes,Yes,Yes,Yes,120,14,120,0,1|11|5|4|17|1|5|13|27|96,ag_full_true_sac_marginsel,13.404,49,A,improving,improving,0,0,medium
888,30.9526,22.7518,49.7611,0.004332891228996404,36.7394,395.2293,51.9062,0.0007062579970806837,17.438419,Yes,Yes,Yes,Yes,Yes,120,3,120,0,0|14|3|2|5|7|10|17|38|52,ag_full_true_sac_marginsel,12.772,45,B,passed,improving,0,0,medium
889,44.3084,7.0979,55.116,0.00915845057207849,48.5834,266.479,60.0667,0.0003531815018504858,37.690845,Yes,Yes,Yes,Yes,Yes,120,11,120,0,1|11|5|3|11|5|9|13|33|53,ag_full_true_sac_marginsel,13.215,39,A,improving,stalled,0,0,easy
890,34.7192,23.2323,55.7742,0.003955037232104259,52.7941,217.7519,64.8363,0.0003167414106428623,9.9758,Yes,Yes,Yes,Yes,Yes,120,3,120,0,1|17|2|3|6|0|8|6|5|9,ag_full_true_sac_marginsel,13.329,64,A,passed,stalled,0,0,medium
891,44.6843,19.1024,47.1116,0.009138048841269975,57.2208,121.4039,86.9194,0.0002077892713714391,7.458215,Yes,Yes,Yes,Yes,Yes,120,13,120,0,2|9|4|3|8|6|10|7|38|45,ag_full_true_sac_marginsel,14.493,17,A,improving,stalled,0,0,medium
892,45.3472,27.2528,54.2466,0.006274349760542227,60.5144,229.122,71.1133,0.0003193587181158364,9.001768,Yes,Yes,Yes,Yes,Yes,120,3,120,0,1|9|4|1|1|6|11|9|24|5,ag_full_true_sac_marginsel,13.961,25,A,passed,stalled,0,0,medium
893,42.4601,26.3566,55.6445,0.01458954847023363,54.7184,129.3274,73.3291,0.0001925557153299451,5.500145,Yes,Yes,Yes,Yes,Yes,120,30,120,0,3|17|8|4|4|5|2|14|37|46,ag_full_true_sac_marginsel,14.541,39,A,improving,improving,0,0,medium
894,40.1348,17.4898,50.6089,0.0023123444583871416,49.7866,245.1157,62.5543,0.00031390442745760083,14.355556,Yes,Yes,Yes,Yes,Yes,120,13,120,0,2|17|6|3|13|0|11|17|0|79,ag_full_true_sac_marginsel,13.815,41,A,improving,improving,0,0,medium
895,40.8353,19.7749,54.8466,0.0026693871012729025,48.0161,243.7382,70.3614,0.00037243665428832173,12.644852,Yes,Yes,Yes,Yes,Yes,120,26,120,0,1|8|5|2|17|2|12|15|37|54,ag_full_true_sac_marginsel,13.735,28,A,improving,improving,0,0,medium
896,41.9152,31.6619,52.7301,0.00986120716723593,50.9117,209.3938,68.7904,0.0002770319115370512,7.104557,Yes,Yes,Yes,Yes,Yes,120,20,120,0,2|13|8|3|7|8|8|17|37|14,ag_full_true_sac_marginsel,14.293,33,A,improving,improving,0,0,medium
897,39.4814,30.6592,49.687,0.010837115828479649,57.853,186.7047,67.5092,0.00024145437055267394,6.891411,Yes,Yes,Yes,Yes,Yes,120,9,120,0,2|12|5|4|13|3|4|16|36|38,ag_full_true_sac_marginsel,14.478,35,A,improving,improving,0,0,medium
898,30.3672,13.2602,52.3104,0.016898677972623663,51.1977,223.3373,72.9212,0.0003660772636067122,17.900944,Yes,Yes,Yes,Yes,Yes,120,1,120,0,1|15|2|2|3|5|10|11|17|55,ag_full_true_sac_marginsel,11.799,91,A,passed,passed,0,0,medium
899,46.0349,20.0631,51.7351,0.016782848739179217,51.3427,272.1698,60.9618,0.00039328067214228213,13.835917,Yes,Yes,Yes,Yes,Yes,120,14,120,0,1|16|3|2|1|7|7|16|12|73,ag_full_true_sac_marginsel,14.413,20,B,stalled,improving,0,0,medium
900,34.8169,14.5182,47.7263,0.015056323156049782,44.8806,281.2841,57.8195,0.0003826046013273299,19.849651,Yes,Yes,Yes,Yes,Yes,120,3,120,0,1|15|5|3|5|7|6|16|12|69,ag_full_true_sac_marginsel,12.608,67,A,passed,passed,0,0,medium
901,41.8783,28.6207,49.8072,0.013830151033403822,59.4484,204.3557,71.0457,0.0002761606010608375,7.966137,Yes,Yes,Yes,Yes,Yes,120,7,120,0,1|8|2|3|10|5|12|4|32|53,ag_full_true_sac_marginsel,14.348,34,B,improving,improving,0,0,medium
902,37.945,22.9687,48.0191,0.015369703489015469,52.5628,256.8996,62.7787,0.00032282836036756635,11.856394,Yes,Yes,Yes,Yes,Yes,120,4,120,0,1|8|8|2|10|4|11|10|38|98,ag_full_true_sac_marginsel,13.409,60,A,improving,passed,0,0,medium
903,46.7262,17.5566,55.7432,0.005020094292972352,66.1427,173.5579,67.4439,0.00021683158411178738,10.467864,Yes,Yes,Yes,Yes,Yes,120,4,120,0,3|14|2|4|13|4|10|15|14|48,ag_full_true_sac_marginsel,14.877,33,B,stalled,passed,0,0,medium
904,33.5105,14.9003,47.0331,0.013456536837711308,45.734,266.2601,60.3221,0.00036238686880096793,18.489808,Yes,Yes,Yes,Yes,Yes,120,2,120,0,1|11|6|3|9|8|10|13|30|19,ag_full_true_sac_marginsel,12.741,44,B,passed,improving,0,0,medium
905,49.8186,10.9567,54.0427,0.008547032918859802,65.2104,196.0187,66.4108,0.0002307294780621305,18.40113,Yes,Yes,Yes,Yes,Yes,120,12,120,0,2|13|2|3|2|8|5|13|6|33,ag_full_true_sac_marginsel,14.248,20,A,improving,stalled,0,0,medium
906,40.6901,12.0755,48.8207,0.01588383594506946,49.7839,224.8761,73.4335,0.0003310116590000689,19.329275,Yes,Yes,Yes,Yes,Yes,120,29,120,0,1|8|8|1|4|5|6|16|29|88,ag_full_true_sac_marginsel,14.589,30,A,improving,stalled,0,0,medium
907,37.0682,31.2809,52.6342,0.006557942000688373,53.7873,135.6947,68.3323,0.00016738174599595368,5.061712,Yes,Yes,Yes,Yes,Yes,120,4,120,0,4|15|6|4|11|1|12|9|28|37,ag_full_true_sac_marginsel,12.933,79,A,improving,passed,0,0,medium
908,46.9262,22.7078,54.8933,0.01527458696866703,59.5285,171.8046,76.872,0.0002291416603839025,8.219843,Yes,Yes,Yes,Yes,Yes,120,13,120,0,1|6|6|2|5|5|2|10|28|84,ag_full_true_sac_marginsel,14.588,28,A,improving,improving,0,0,medium
909,30.7585,16.7234,51.7412,0.002559257614221469,43.3288,315.5278,68.969,0.0006651649600826204,19.349176,Yes,Yes,Yes,Yes,Yes,120,2,120,0,0|9|2|1|11|1|10|17|21|69,ag_full_true_sac_marginsel,12.263,76,A,passed,stalled,0,0,medium
910,35.4339,28.1759,53.2973,0.004131105755924811,46.3832,219.0776,65.5892,0.00030424739816226065,8.241346,Yes,Yes,Yes,Yes,Yes,120,8,120,0,1|10|6|4|15|3|7|10|0|79,ag_full_true_sac_marginsel,13.469,36,A,improving,improving,0,0,medium
911,27.5553,28.3369,52.2526,0.007758999765544,33.5116,300.0906,59.7321,0.0006336429505608976,10.867721,Yes,Yes,Yes,Yes,Yes,120,1,120,0,0|16|3|4|12|5|10|9|20|96,ag_full_true_sac_marginsel,14.211,45,B,passed,improving,0,0,medium
912,35.5257,7.6592,56.8947,0.008497789960420497,55.5773,217.102,69.2933,0.0003134844300802797,29.090623,Yes,Yes,Yes,Yes,Yes,120,5,120,0,1|7|4|3|15|7|12|9|16|30,ag_full_true_sac_marginsel,13.009,75,A,improving,passed,0,0,easy
913,47.9191,18.3823,57.1682,0.011206491370982783,57.7171,252.6764,65.4246,0.00034451697138138115,14.063766,Yes,Yes,Yes,Yes,Yes,120,4,120,0,1|10|5|1|2|5|7|15|22|0,ag_full_true_sac_marginsel,13.18,29,B,stalled,passed,0,0,medium
914,47.3108,26.0322,55.5715,0.012363247789071056,71.8386,108.9801,93.9615,0.0001858188770711422,5.380592,Yes,Yes,Yes,Yes,Yes,120,19,120,0,3|7|4|3|16|7|10|14|26|35,ag_full_true_sac_marginsel,14.017,44,B,stalled,improving,0,0,medium
915,35.8337,31.3157,49.7185,0.010117439042182184,39.7496,306.085,54.851,0.0004493715241551399,9.942268,Yes,Yes,Yes,Yes,Yes,120,5,120,0,0|8|6|3|9|4|8|4|22|58,ag_full_true_sac_marginsel,13.39,33,A,improving,passed,0,0,medium
916,37.8408,26.9501,48.2862,0.014176383584698705,47.2252,256.5269,64.4277,0.00037207663990557194,10.074614,Yes,Yes,Yes,Yes,Yes,120,8,120,0,1|14|3|3|12|1|6|16|0|98,ag_full_true_sac_marginsel,13.308,38,A,improving,improving,0,0,medium
917,36.1637,5.8378,52.5324,0.0051725680394532104,57.5697,212.6733,67.8315,0.00026953269843943417,37.261403,Yes,Yes,Yes,Yes,Yes,120,4,120,0,1|9|5|2|7|1|10|4|37|55,ag_full_true_sac_marginsel,13.438,56,A,improving,passed,0,0,easy
918,23.3669,19.0835,54.2038,0.012528004668578209,34.4292,245.3094,72.8887,0.0005129774217493832,13.631725,Yes,Yes,Yes,Yes,Yes,120,1,120,0,0|10|3|3|8|7|5|10|0|62,ag_full_true_sac_marginsel,12.747,92,B,passed,improving,0,0,medium
919,40.2829,8.7885,49.638,0.015577987640311226,48.6563,229.1041,56.7701,0.00024314632173627615,26.404695,Yes,Yes,Yes,Yes,Yes,120,3,120,0,1|7|4|3|6|7|6|8|0|63,ag_full_true_sac_marginsel,12.375,65,A,passed,passed,0,0,easy
920,25.9532,24.5429,49.2538,0.010596975517373299,41.6764,368.7636,53.2135,0.0006249535945244133,15.652541,Yes,Yes,Yes,Yes,Yes,120,1,120,0,0|14|2|2|6|5|8|14|37|93,ag_full_true_sac_marginsel,13.121,67,B,passed,improving,0,0,medium
921,27.4097,26.692,53.434,0.006059058458690437,34.2206,278.9128,59.9151,0.00033810880267992616,10.763286,Yes,Yes,Yes,Yes,Yes,120,1,120,0,0|5|2|4|11|6|9|2|36|64,ag_full_true_sac_marginsel,13.485,58,B,passed,improving,0,0,medium
922,27.8566,20.3886,47.7274,0.012320672143781576,38.6776,325.9155,58.6755,0.0006336343358270824,16.551567,Yes,Yes,Yes,Yes,Yes,120,1,120,0,0|15|4|2|2|6|8|12|2|88,ag_full_true_sac_marginsel,12.669,55,B,passed,improving,0,0,medium
923,50.8622,24.6727,54.0663,0.009853616553556082,77.9918,66.3206,81.8794,0.00012235551548656076,3.723417,Yes,Yes,Yes,Yes,Yes,120,37,120,0,5|12|3|4|8|4|2|14|9|50,ag_full_true_sac_marginsel,14.853,30,B,stalled,improving,0,0,medium
924,26.7274,10.8627,55.5548,0.007617498019651862,30.5318,343.0553,61.111,0.00047002581413835287,31.761774,Yes,Yes,Yes,Yes,Yes,120,1,120,0,0|9|3|3|6|6|6|11|7|32,ag_full_true_sac_marginsel,12.272,59,A,passed,passed,0,0,medium
925,31.3842,16.5926,48.519,0.004030083842361583,35.0565,280.9589,56.2418,0.0003463656175881624,17.123053,Yes,Yes,Yes,Yes,Yes,120,3,120,0,1|13|3|4|10|5|10|15|13|12,ag_full_true_sac_marginsel,13.013,51,B,passed,improving,0,0,medium
926,36.939,8.374,48.9702,0.005188037713996309,60.009,116.0261,108.0887,0.0002995682880282402,15.629599,Yes,Yes,Yes,Yes,Yes,120,19,120,0,1|15|0|4|12|6|7|11|27|41,ag_full_true_sac_marginsel,14.48,33,A,improving,improving,0,0,easy
927,47.1212,13.8467,51.0904,0.016319998199433604,64.6768,53.9184,90.2229,0.00012899503053631634,5.024552,Yes,Yes,Yes,Yes,Yes,120,21,120,0,3|5|8|2|8|4|8|5|36|46,ag_full_true_sac_marginsel,14.634,25,B,stalled,improving,0,0,medium
928,34.9672,13.18,56.0952,0.016840515061748336,58.4893,225.3392,79.2148,0.0003396937099751085,18.161667,Yes,Yes,Yes,Yes,Yes,120,2,120,0,1|5|4|1|12|4|11|15|23|16,ag_full_true_sac_marginsel,12.141,66,A,passed,passed,0,0,medium
929,35.5436,19.0416,48.0431,0.0036232431252732375,52.5097,233.3698,76.4803,0.000315607525408268,13.237917,Yes,Yes,Yes,Yes,Yes,120,4,120,0,1|4|5|1|11|6|9|16|5|73,ag_full_true_sac_marginsel,12.783,71,A,improving,passed,0,0,medium
930,49.1081,24.5233,55.4449,0.012497895150795916,74.7546,127.9604,75.3227,0.00016294395027216524,6.085635,Yes,Yes,Yes,Yes,Yes,120,6,120,0,3|10|6|3|9|2|2|14|12|0,ag_full_true_sac_marginsel,14.291,29,A,improving,passed,0,0,medium
931,37.9893,25.1648,56.7444,0.015559479352984644,49.4235,212.2338,67.2392,0.00030625599902123213,8.900009,Yes,Yes,Yes,Yes,Yes,120,19,120,0,1|16|1|4|3|7|11|4|14|93,ag_full_true_sac_marginsel,12.89,61,A,improving,improving,0,0,medium
932,36.4753,31.6999,53.4956,0.013737508022041257,50.2976,214.3815,69.8837,0.0003516347787808627,7.422548,Yes,Yes,Yes,Yes,Yes,120,10,120,0,1|16|3|2|3|3|6|12|8|77,ag_full_true_sac_marginsel,14.22,35,A,improving,improving,0,0,medium
933,41.5962,21.4843,47.9212,0.015861411546157823,54.5353,191.6255,74.6735,0.0003249054425396025,9.768164,Yes,Yes,Yes,Yes,Yes,120,24,120,0,1|17|1|4|8|3|10|6|19|17,ag_full_true_sac_marginsel,14.501,31,B,improving,improving,0,0,medium
934,52.9337,16.0251,52.665,0.008730772571281561,76.8337,37.9598,91.1379,0.00011047371663153172,3.538151,Yes,Yes,Yes,Yes,Yes,120,29,120,0,7|9|3|2|5|8|8|16|19|30,ag_full_true_sac_marginsel,13.855,31,A,stalled,improving,0,0,medium
935,33.2601,31.0347,49.9943,0.007769938780560591,56.8958,132.5012,80.5411,0.00020188592316117138,5.565104,Yes,Yes,Yes,Yes,Yes,120,3,120,0,3|14|6|3|3|8|7|14|38|38,ag_full_true_sac_marginsel,14.397,38,B,passed,improving,0,0,medium
936,27.5873,13.4044,47.9281,0.012331828057156867,58.4194,186.6514,74.9633,0.0002638260484673083,15.5849,Yes,Yes,Yes,Yes,Yes,120,1,120,0,2|11|3|3|11|6|12|13|5|40,ag_full_true_sac_marginsel,13.052,89,B,passed,improving,0,0,medium
937,50.5411,16.3408,49.1726,0.012471611222708115,59.0483,90.9403,101.4967,0.00023533438798040152,6.778772,Yes,Yes,Yes,Yes,Yes,120,7,120,0,1|5|1|3|12|8|7|7|17|57,ag_full_true_sac_marginsel,13.689,26,A,improving,improving,0,0,medium
938,30.4758,30.1967,51.3321,0.006646232393014913,50.1309,234.754,71.4334,0.00029830835410393775,8.765816,Yes,Yes,Yes,Yes,Yes,120,2,120,0,1|6|8|1|8|2|6|15|8|20,ag_full_true_sac_marginsel,14.329,52,B,passed,improving,0,0,medium
939,34.5263,30.3006,50.8713,0.005404436289495298,72.9457,175.9585,101.5659,0.0003187254478689283,7.857399,Yes,Yes,Yes,Yes,Yes,120,9,120,0,1|5|1|1|11|4|9|15|4|7,ag_full_true_sac_marginsel,14.42,42,A,improving,improving,0,0,medium
940,36.0857,9.2115,53.7104,0.0029101077469938213,49.9527,60.9412,90.6114,0.00016059369954746217,7.631923,Yes,Yes,Yes,Yes,Yes,120,12,120,0,3|7|7|3|13|7|6|12|18|81,ag_full_true_sac_marginsel,14.378,17,A,improving,improving,0,0,easy
941,31.0741,28.6735,54.3792,0.014931900751294318,49.5278,267.2512,59.5232,0.0003624841629061848,9.984683,Yes,Yes,Yes,Yes,Yes,120,2,120,0,1|10|5|3|14|5|12|12|23|98,ag_full_true_sac_marginsel,15.15,34,B,passed,improving,0,0,medium
942,36.8332,29.6493,56.5628,0.01268741897415332,43.8297,248.8292,63.6185,0.0003437823033891618,8.680011,Yes,Yes,Yes,Yes,Yes,120,10,120,0,1|13|6|3|5|7|6|13|16|20,ag_full_true_sac_marginsel,14.469,30,A,improving,improving,0,0,medium
943,45.5199,24.3031,50.8715,0.003526465302285892,57.922,233.513,64.1401,0.0003060684830415994,10.054859,Yes,Yes,Yes,Yes,Yes,120,12,120,0,1|11|2|3|10|2|8|9|15|91,ag_full_true_sac_marginsel,14.99,35,A,stalled,improving,0,0,medium
944,41.7255,23.3325,57.1978,0.004775548335801946,50.4205,156.6767,74.3567,0.00019446140504442155,7.182627,Yes,Yes,Yes,Yes,Yes,120,7,120,0,2|7|6|3|13|3|10|8|30|18,ag_full_true_sac_marginsel,15.336,19,B,improving,improving,0,0,medium
945,30.7131,21.3451,52.2716,0.002112282236305513,34.6476,350.4275,60.2641,0.0005375000764615834,16.443755,Yes,Yes,Yes,Yes,Yes,120,2,120,0,0|10|3|2|9|1|12|7|22|24,ag_full_true_sac_marginsel,13.015,65,A,passed,passed,0,0,medium
946,39.9038,6.4683,49.9039,0.015000192199200747,52.5948,169.5642,62.9191,0.00019082362996414304,26.780698,Yes,Yes,Yes,Yes,Yes,120,17,120,0,2|8|4|4|10|7|5|11|6|77,ag_full_true_sac_marginsel,15.416,39,A,improving,improving,0,0,easy
947,50.7495,9.4259,51.4751,0.010275065777577254,70.7338,99.695,79.8117,0.0001498007186455652,11.506361,Yes,Yes,Yes,Yes,Yes,120,17,120,0,5|15|6|3|5|5|9|13|32|74,ag_full_true_sac_marginsel,15.504,20,A,improving,improving,0,0,easy
948,49.1876,14.8584,51.159,0.01584880836925343,62.9241,144.6221,74.2936,0.000197316418052651,10.452376,Yes,Yes,Yes,Yes,Yes,120,4,120,0,3|12|4|4|10|7|10|12|13|7,ag_full_true_sac_marginsel,14.455,41,A,improving,passed,0,0,medium
949,33.9282,24.6861,46.4668,0.009176819695014007,41.3243,263.4428,55.5773,0.0003214403404854238,11.050743,Yes,Yes,Yes,Yes,Yes,120,11,120,0,1|15|5|3|6|1|10|7|25|75,ag_full_true_sac_marginsel,14.219,45,A,improving,improving,0,0,medium
950,24.9451,10.2438,55.2208,0.009886423161832764,33.0104,266.6991,72.6949,0.0004369409871287644,26.630846,Yes,Yes,Yes,Yes,Yes,120,1,120,0,0|12|2|3|8|0|7|5|15|28,ag_full_true_sac_marginsel,13.43,84,A,passed,stalled,0,0,medium
951,31.7242,4.835,50.7884,0.013183193137706823,41.0643,255.597,58.1477,0.00034194550244137645,53.27743,Yes,Yes,Yes,Yes,Yes,120,2,120,0,1|17|2|4|10|0|10|9|29|37,ag_full_true_sac_marginsel,13.217,92,A,passed,passed,0,0,easy
952,42.9491,3.8625,50.5238,0.010598959553075618,61.6575,192.8498,58.1162,0.0002226474171038717,50.493664,Yes,Yes,Yes,Yes,Yes,120,5,120,0,2|14|5|4|6|4|12|3|20|14,ag_full_true_sac_marginsel,14.132,56,A,improving,passed,0,0,easy
953,34.7309,28.9755,55.7115,0.005269298181535402,50.5897,113.5643,82.4218,0.0002090330672217533,4.815714,Yes,Yes,Yes,Yes,Yes,120,20,120,0,3|17|5|2|1|5|6|14|19|23,ag_full_true_sac_marginsel,15.086,46,A,improving,improving,0,0,medium
954,31.7061,15.3773,57.9141,0.005546022593971528,52.4741,227.8281,69.2908,0.00032173903309740126,15.609282,Yes,Yes,Yes,Yes,Yes,120,4,120,0,1|9|8|1|3|4|9|11|21|79,ag_full_true_sac_marginsel,13.265,50,A,improving,passed,0,0,medium
955,36.86,19.815,59.3147,0.008368723122462491,44.2456,148.9991,76.7584,0.00024124165065586567,7.985144,Yes,Yes,Yes,Yes,Yes,120,7,120,0,0|4|7|3|2|6|0|3|20|72,ag_full_true_sac_marginsel,14.83,23,A,improving,improving,0,0,medium
956,47.4369,30.4032,52.2168,0.00886456420152678,78.2838,140.2128,73.1378,0.0001714405370876193,5.643365,Yes,Yes,Yes,Yes,Yes,120,4,120,0,3|8|3|4|15|7|4|16|0|72,ag_full_true_sac_marginsel,14.938,25,A,improving,passed,0,0,medium
957,31.9947,13.8422,58.6252,0.012286480771009856,53.1334,219.4479,74.021,0.0003139871696475893,16.75135,Yes,Yes,Yes,Yes,Yes,120,2,120,0,1|7|5|2|10|6|6|15|18|91,ag_full_true_sac_marginsel,13.406,70,B,passed,improving,0,0,medium
958,38.9734,11.155,49.9035,0.017693386957455263,50.8679,205.2137,64.3458,0.0002585034817457199,18.976606,Yes,Yes,Yes,Yes,Yes,120,2,120,0,0|4|8|4|4|8|4|0|30|87,ag_full_true_sac_marginsel,13.888,32,B,passed,improving,0,0,medium
959,35.7424,10.5611,58.562,0.011675712023826718,48.2714,170.7018,71.9691,0.00024579063756391406,16.721726,Yes,Yes,Yes,Yes,Yes,120,5,120,0,2|16|6|4|9|2|8|9|1|64,ag_full_true_sac_marginsel,13.966,59,A,improving,passed,0,0,medium
960,51.1714,14.8289,49.2705,0.007831404425798048,77.1301,48.9647,78.7019,0.00010197200026595965,4.393588,Yes,Yes,Yes,Yes,Yes,120,26,120,0,5|9|4|3|8|1|5|7|20|36,ag_full_true_sac_marginsel,15.19,18,A,improving,improving,0,0,medium
961,27.7276,17.3963,53.3967,0.017498414030809973,50.1297,237.3306,64.9647,0.00035637288237921894,14.646778,Yes,Yes,Yes,Yes,Yes,120,1,120,0,1|16|2|4|9|4|12|7|22|54,ag_full_true_sac_marginsel,12.964,84,A,passed,passed,0,0,medium
962,37.894,7.6127,52.3155,0.01719946117065816,61.2122,236.2306,76.7084,0.0003390236524865031,32.092866,Yes,Yes,Yes,Yes,Yes,120,9,120,0,1|5|3|1|16|0|12|14|34|73,ag_full_true_sac_marginsel,15.23,26,A,improving,stalled,0,0,easy
963,46.9229,9.4325,55.2553,0.0055344693236688836,60.3153,145.3837,86.2381,0.0001961506059160456,16.223767,Yes,Yes,Yes,Yes,Yes,120,26,120,0,2|5|8|2|17|0|10|9|21|75,ag_full_true_sac_marginsel,14.838,17,A,stalled,stalled,0,0,easy
964,27.9178,15.6047,52.7776,0.0026036598126861314,32.4316,262.8933,64.3349,0.0003306404105387628,17.10074,Yes,Yes,Yes,Yes,Yes,120,1,120,0,1|12|4|4|11|4|10|15|11|57,ag_full_true_sac_marginsel,13.173,81,A,passed,passed,0,0,medium
965,22.6394,18.1298,50.2378,0.012988309475778236,43.2117,277.9194,54.5409,0.0003734996425919235,16.294986,Yes,Yes,Yes,Yes,Yes,120,1,120,0,1|17|6|4|6|6|7|12|14|0,ag_full_true_sac_marginsel,13.044,74,B,passed,improving,0,0,medium
966,29.3247,22.669,49.0854,0.01635478819107587,41.6208,357.2745,53.0505,0.0006151987472549081,16.222939,Yes,Yes,Yes,Yes,Yes,120,1,120,0,0|14|3|2|1|8|5|15|12|62,ag_full_true_sac_marginsel,13.527,66,B,passed,improving,0,0,medium
967,26.778,11.3676,53.6178,0.01598341030026756,41.2061,279.0923,68.2684,0.0003708924923557788,25.340424,Yes,Yes,Yes,Yes,Yes,120,1,120,0,0|4|6|1|0|8|10|2|22|91,ag_full_true_sac_marginsel,13.405,82,B,passed,improving,0,0,medium
968,41.8281,25.5117,52.6033,0.002122997472053378,54.1955,167.1485,77.1741,0.00023754882568027824,7.202724,Yes,Yes,Yes,Yes,Yes,120,22,120,0,1|7|6|3|6|7|6|6|37|18,ag_full_true_sac_marginsel,14.573,44,A,improving,stalled,0,0,medium
969,33.1328,7.5104,47.6171,0.012125030298220513,68.3129,74.6773,85.1466,0.00014442013343796134,11.781276,Yes,Yes,Yes,Yes,Yes,120,8,120,0,6|17|4|2|1|6|12|13|7|50,ag_full_true_sac_marginsel,14.035,63,A,improving,improving,0,0,easy
970,26.9198,20.9241,47.2444,0.011679406348024387,35.2473,298.1793,61.6554,0.0003312989429105073,14.836496,Yes,Yes,Yes,Yes,Yes,120,1,120,0,0|3|7|2|11|3|8|4|30|0,ag_full_true_sac_marginsel,13.228,74,A,passed,passed,0,0,medium
971,33.3317,29.6551,53.6834,0.016063077391265845,57.1033,173.9722,66.2993,0.00021886573813389987,6.801073,Yes,Yes,Yes,Yes,Yes,120,3,120,0,2|13|8|4|6|5|9|6|14|63,ag_full_true_sac_marginsel,13.773,53,A,passed,passed,0,0,medium
972,27.808,18.6995,47.1071,0.00709891550433972,33.3711,324.4609,54.2864,0.00045272454735822976,17.639974,Yes,Yes,Yes,Yes,Yes,120,1,120,0,0|12|5|3|6|0|2|9|12|98,ag_full_true_sac_marginsel,13.119,60,B,passed,improving,0,0,medium
973,35.3192,12.1332,48.1657,0.003446715219088996,49.2207,290.2851,55.8806,0.00040046017966233194,24.362418,Yes,Yes,Yes,Yes,Yes,120,3,120,0,1|17|3|3|8|3|11|12|38|94,ag_full_true_sac_marginsel,13.296,61,B,passed,improving,0,0,medium
974,24.7625,12.4136,53.964,0.0051770495059515875,50.9979,147.9429,79.9149,0.0002471443440299481,13.410462,Yes,Yes,Yes,Yes,Yes,120,1,120,0,1|6|6|4|17|6|8|6|30|52,ag_full_true_sac_marginsel,13.071,95,B,passed,improving,0,0,medium
975,27.7528,30.3947,50.5566,0.011393951880467304,50.0872,252.7181,78.0268,0.00034702528500929475,9.632209,Yes,Yes,Yes,Yes,Yes,120,1,120,0,0|2|2|1|8|6|0|12|31|44,ag_full_true_sac_marginsel,13.019,78,B,passed,improving,0,0,medium
976,43.5353,24.0473,46.3698,0.008871799940533718,74.8859,95.7221,103.603,0.00020815608149860054,5.91151,Yes,Yes,Yes,Yes,Yes,120,31,120,0,2|6|3|1|4|6|9|11|21|56,ag_full_true_sac_marginsel,14.818,25,B,improving,improving,0,0,medium
977,29.6877,29.4726,49.2002,0.007238261165233513,52.8215,248.8196,61.4545,0.0003172186261508614,9.426887,Yes,Yes,Yes,Yes,Yes,120,1,120,0,1|12|4|3|11|0|11|6|8|65,ag_full_true_sac_marginsel,13.02,75,B,passed,improving,0,0,medium
978,32.1964,10.5899,55.4545,0.017084557175909426,52.2603,233.8642,64.2738,0.000305812107399106,22.847917,Yes,Yes,Yes,Yes,Yes,120,2,120,0,1|8|7|3|13|5|4|15|10|16,ag_full_true_sac_marginsel,12.713,41,B,passed,improving,0,0,medium
979,34.4601,9.8038,46.3742,0.009217594527755089,53.5109,145.8803,74.98,0.00021078696590848267,16.026771,Yes,Yes,Yes,Yes,Yes,120,2,120,0,3|16|8|4|10|3|4|17|26|89,ag_full_true_sac_marginsel,13.005,87,B,passed,improving,0,0,easy
980,31.2131,5.4271,54.3854,0.014542539564491853,35.9701,251.3668,63.8315,0.00047404583892785013,46.610626,Yes,Yes,Yes,Yes,Yes,120,3,120,0,0|13|4|4|2|8|2|8|4|89,ag_full_true_sac_marginsel,12.715,48,A,passed,passed,0,0,easy
981,41.5256,14.1736,46.6173,0.014793320926406306,59.2799,242.9882,61.1754,0.0003088639641646296,17.862643,Yes,Yes,Yes,Yes,Yes,120,4,120,0,1|9|2|3|10|6|5|14|1|98,ag_full_true_sac_marginsel,13.852,31,A,improving,passed,0,0,medium
982,37.615,25.9273,55.6104,0.002711548983856942,48.9181,252.6571,65.6444,0.00035804015351459384,10.093696,Yes,Yes,Yes,Yes,Yes,120,9,120,0,1|13|4|2|3|6|4|17|8|19,ag_full_true_sac_marginsel,13.32,62,A,improving,stalled,0,0,medium
983,25.7255,11.9745,48.7836,0.013607638146064312,34.2157,276.502,62.5434,0.0005196980782784522,23.664839,Yes,Yes,Yes,Yes,Yes,120,1,120,0,0|10|4|4|16|3|0|15|33|93,ag_full_true_sac_marginsel,12.157,69,A,passed,passed,0,0,medium
984,42.3467,32.7311,54.8443,0.01172842741231729,52.36,182.8315,61.9114,0.0002100558631354943,5.933274,Yes,Yes,Yes,Yes,Yes,120,32,120,0,3|17|7|3|8|0|5|16|4|69,ag_full_true_sac_marginsel,13.943,39,A,improving,improving,0,0,medium
985,47.9496,21.9744,52.7542,0.017394688835625196,57.6176,196.8341,69.2304,0.0002766351099126041,9.455473,Yes,Yes,Yes,Yes,Yes,120,35,120,0,2|15|2|4|15|1|12|12|37|31,ag_full_true_sac_marginsel,14.314,31,A,improving,improving,0,0,medium
986,39.2292,13.5616,47.1095,0.016070667423893684,57.0241,216.3535,67.165,0.0003027621714863926,16.813877,Yes,Yes,Yes,Yes,Yes,120,5,120,0,1|13|2|3|2|7|12|3|11|98,ag_full_true_sac_marginsel,14.439,38,A,improving,passed,0,0,medium
987,45.4516,17.6841,56.103,0.002936371024279807,61.3106,133.0143,79.494,0.00020078348461538553,8.219153,Yes,Yes,Yes,Yes,Yes,120,9,120,0,3|13|3|4|8|8|10|12|7|57,ag_full_true_sac_marginsel,13.495,42,B,improving,improving,0,0,medium
988,37.1178,17.7316,50.3526,0.01939463237281333,46.0133,247.9862,58.9039,0.00032011422445066273,14.378563,Yes,Yes,Yes,Yes,Yes,120,2,120,0,1|12|7|4|9|6|4|13|7|81,ag_full_true_sac_marginsel,14.408,25,B,passed,improving,0,0,medium
989,36.943,14.667,52.5936,0.0005656240397811153,52.6635,225.1441,64.0032,0.0003061059978790581,15.451701,Yes,Yes,Yes,Yes,Yes,120,7,120,0,1|13|3|4|7|5|2|13|24|8,ag_full_true_sac_marginsel,13.429,38,A,improving,improving,0,0,medium
990,29.4189,28.1578,49.6334,0.005113261557010426,49.7936,296.4102,51.3586,0.0004024424124509096,11.175367,Yes,Yes,Yes,Yes,Yes,120,1,120,0,1|16|3|4|10|6|9|15|28|88,ag_full_true_sac_marginsel,11.358,53,A,passed,passed,0,0,medium
991,48.8234,29.2579,54.4159,0.007873710421196006,61.7908,100.1264,85.1294,0.0001734325778670609,4.230188,Yes,Yes,Yes,Yes,Yes,120,35,120,0,2|7|4|4|17|0|9|4|22|62,ag_full_true_sac_marginsel,14.479,27,A,improving,stalled,0,0,medium
992,35.0188,9.9062,48.0828,0.003978260129212685,49.2905,280.0147,55.3324,0.0003459751314949244,28.737932,Yes,Yes,Yes,Yes,Yes,120,13,120,0,1|11|7|3|10|5|9|12|14|62,ag_full_true_sac_marginsel,12.984,46,A,improving,improving,0,0,easy
993,32.1126,9.2383,46.6584,0.011181917019911251,49.9687,288.0111,53.1038,0.0003451124648563564,31.839141,Yes,Yes,Yes,Yes,Yes,120,8,120,0,1|12|7|3|11|2|11|9|35|31,ag_full_true_sac_marginsel,12.67,57,A,improving,improving,0,0,easy
994,39.6802,33.3545,49.8381,0.011656713717310078,49.5278,267.2512,59.5232,0.0003624841629061848,8.423867,Yes,Yes,Yes,Yes,Yes,120,15,120,0,1|10|5|3|16|3|12|12|20|67,ag_full_true_sac_marginsel,14.063,29,B,improving,improving,0,0,medium
995,42.2322,14.2685,57.3274,0.01673663034771137,47.4913,208.2686,65.7214,0.0003769560717046261,14.844853,Yes,Yes,Yes,Yes,Yes,120,8,120,0,0|11|3|3|4|1|2|4|11|98,ag_full_true_sac_marginsel,13.28,29,A,improving,improving,0,0,medium
996,41.3651,15.0684,50.6911,0.0009657344394989079,63.8743,207.3566,60.5041,0.00022869800159242004,14.261968,Yes,Yes,Yes,Yes,Yes,120,8,120,0,1|6|5|3|7|7|7|5|14|78,ag_full_true_sac_marginsel,12.813,52,A,improving,stalled,0,0,medium
997,28.6084,11.3336,47.1855,0.012845756121424126,40.2384,325.2601,67.392,0.0005798166384920478,29.488457,Yes,Yes,Yes,Yes,Yes,120,1,120,0,0|7|3|1|5|6|7|16|27|19,ag_full_true_sac_marginsel,13.222,63,B,passed,improving,0,0,medium
998,48.8123,9.6609,53.6484,0.0045696244856835745,70.2336,69.1634,78.2658,0.0001260726130567491,8.029202,Yes,Yes,Yes,Yes,Yes,120,6,120,0,2|6|3|4|3|7|1|5|15|47,ag_full_true_sac_marginsel,14.385,17,B,stalled,passed,0,0,easy
999,32.9849,8.0702,56.3196,0.004414002857230695,36.7816,229.2549,68.3429,0.0003279951633885503,28.662031,Yes,Yes,Yes,Yes,Yes,120,8,120,0,1|16|2|4|7|3|2|17|36|54,ag_full_true_sac_marginsel,13.079,46,A,improving,improving,0,0,easy
1000,47.5934,15.6185,49.7224,0.003026132440347865,72.6244,122.9152,73.2088,0.000157953763846308,8.815951,Yes,Yes,Yes,Yes,Yes,120,23,120,0,5|17|7|3|5|4|12|11|17|10,ag_full_true_sac_marginsel,14.171,33,B,improving,improving,0,0,medium
